"entity","code","year","cumulative_co2_emissions_zero_filled"
"United States","USA",1750,0
"United States","USA",1751,0
"United States","USA",1752,0
"United States","USA",1753,0
"United States","USA",1754,0
"United States","USA",1755,0
"United States","USA",1756,0
"United States","USA",1757,0
"United States","USA",1758,0
"United States","USA",1759,0
"United States","USA",1760,0
"United States","USA",1761,0
"United States","USA",1762,0
"United States","USA",1763,0
"United States","USA",1764,0
"United States","USA",1765,0
"United States","USA",1766,0
"United States","USA",1767,0
"United States","USA",1768,0
"United States","USA",1769,0
"United States","USA",1770,0
"United States","USA",1771,0
"United States","USA",1772,0
"United States","USA",1773,0
"United States","USA",1774,0
"United States","USA",1775,0
"United States","USA",1776,0
"United States","USA",1777,0
"United States","USA",1778,0
"United States","USA",1779,0
"United States","USA",1780,0
"United States","USA",1781,0
"United States","USA",1782,0
"United States","USA",1783,0
"United States","USA",1784,0
"United States","USA",1785,0
"United States","USA",1786,0
"United States","USA",1787,0
"United States","USA",1788,0
"United States","USA",1789,0
"United States","USA",1790,0
"United States","USA",1791,0
"United States","USA",1792,0
"United States","USA",1793,0
"United States","USA",1794,0
"United States","USA",1795,0
"United States","USA",1796,0
"United States","USA",1797,0
"United States","USA",1798,0
"United States","USA",1799,0
"United States","USA",1800,252815.98
"United States","USA",1801,520288
"United States","USA",1802,809744
"United States","USA",1803,1106528
"United States","USA",1804,1439952
"United States","USA",1805,1780704
"United States","USA",1806,2114128
"United States","USA",1807,2491520
"United States","USA",1808,2883568
"United States","USA",1809,3286608
"United States","USA",1810,3704304
"United States","USA",1811,4151312
"United States","USA",1812,4634960
"United States","USA",1813,5155248
"United States","USA",1814,5715840
"United States","USA",1815,6316736
"United States","USA",1816,6979920
"United States","USA",1817,7698064
"United States","USA",1818,8478496
"United States","USA",1819,9240608
"United States","USA",1820,10032032
"United States","USA",1821,10860096
"United States","USA",1822,11724800
"United States","USA",1823,12626144
"United States","USA",1824,13641072
"United States","USA",1825,14776912
"United States","USA",1826,16092288
"United States","USA",1827,17539568
"United States","USA",1828,19133408
"United States","USA",1829,20928768
"United States","USA",1830,23017248
"United States","USA",1831,25281600
"United States","USA",1832,28304400
"United States","USA",1833,31832832
"United States","USA",1834,35214704
"United States","USA",1835,39530896
"United States","USA",1836,44261120
"United States","USA",1837,49566590
"United States","USA",1838,54597264
"United States","USA",1839,60115250
"United States","USA",1840,65988640
"United States","USA",1841,72202780
"United States","USA",1842,79120420
"United States","USA",1843,86884430
"United States","USA",1844,96190990
"United States","USA",1845,107395500
"United States","USA",1846,120105920
"United States","USA",1847,135175950
"United States","USA",1848,151960740
"United States","USA",1849,170181810
"United States","USA",1850,189974740
"United States","USA",1851,214607800
"United States","USA",1852,241398980
"United States","USA",1853,271561020
"United States","USA",1854,304720220
"United States","USA",1855,342880770
"United States","USA",1856,382917300
"United States","USA",1857,423972400
"United States","USA",1858,465621120
"United States","USA",1859,510941120
"United States","USA",1860,558378940
"United States","USA",1861,604058050
"United States","USA",1862,651506800
"United States","USA",1863,706316600
"United States","USA",1864,764973600
"United States","USA",1865,823795460
"United States","USA",1866,883027650
"United States","USA",1867,955893600
"United States","USA",1868,1038245700
"United States","USA",1869,1131941500
"United States","USA",1870,1230561800
"United States","USA",1871,1333582500
"United States","USA",1872,1459887900
"United States","USA",1873,1599394600
"United States","USA",1874,1733691300
"United States","USA",1875,1869438700
"United States","USA",1876,2002258800
"United States","USA",1877,2149434400
"United States","USA",1878,2293337900
"United States","USA",1879,2468807000
"United States","USA",1880,2667491000
"United States","USA",1881,2877684000
"United States","USA",1882,3113078000
"United States","USA",1883,3366960600
"United States","USA",1884,3634550000
"United States","USA",1885,3906712300
"United States","USA",1886,4194175500
"United States","USA",1887,4501556000
"United States","USA",1888,4875431400
"United States","USA",1889,5210973700
"United States","USA",1890,5612721000
"United States","USA",1891,6040146000
"United States","USA",1892,6490595000
"United States","USA",1893,6944689700
"United States","USA",1894,7369740300
"United States","USA",1895,7849688000
"United States","USA",1896,8330571000
"United States","USA",1897,8830858000
"United States","USA",1898,9376179000
"United States","USA",1899,10001713000
"United States","USA",1900,10664452000
"United States","USA",1901,11385979000
"United States","USA",1902,12150475000
"United States","USA",1903,13044882000
"United States","USA",1904,13926940000
"United States","USA",1905,14913422000
"United States","USA",1906,15948893000
"United States","USA",1907,17152755000
"United States","USA",1908,18205567000
"United States","USA",1909,19371274000
"United States","USA",1910,20642855000
"United States","USA",1911,21901523000
"United States","USA",1912,23245089000
"United States","USA",1913,24687630000
"United States","USA",1914,26005610000
"United States","USA",1915,27373308000
"United States","USA",1916,28892290000
"United States","USA",1917,30563258000
"United States","USA",1918,32310977000
"United States","USA",1919,33790136000
"United States","USA",1920,35528380000
"United States","USA",1921,36952050000
"United States","USA",1922,38387810000
"United States","USA",1923,40284545000
"United States","USA",1924,41982865000
"United States","USA",1925,43741050000
"United States","USA",1926,45647098000
"United States","USA",1927,47509940000
"United States","USA",1928,49340903000
"United States","USA",1929,51304407000
"United States","USA",1930,53049324000
"United States","USA",1931,54534283000
"United States","USA",1932,55792100000
"United States","USA",1933,57140974000
"United States","USA",1934,58577215000
"United States","USA",1935,60069536000
"United States","USA",1936,61782946000
"United States","USA",1937,63575556000
"United States","USA",1938,65091305000
"United States","USA",1939,66762228000
"United States","USA",1940,68637213000
"United States","USA",1941,70680800000
"United States","USA",1942,72879060000
"United States","USA",1943,75151120000
"United States","USA",1944,77596025000
"United States","USA",1945,79955575000
"United States","USA",1946,82213070000
"United States","USA",1947,84698920000
"United States","USA",1948,87281480000
"United States","USA",1949,89446340000
"United States","USA",1950,91987830000
"United States","USA",1951,94606540000
"United States","USA",1952,97157760000
"United States","USA",1953,99770730000
"United States","USA",1954,102260195000
"United States","USA",1955,104988705000
"United States","USA",1956,107848700000
"United States","USA",1957,110684470000
"United States","USA",1958,113431585000
"United States","USA",1959,116263500000
"United States","USA",1960,119160816000
"United States","USA",1961,122047690000
"United States","USA",1962,125041600000
"United States","USA",1963,128168080000
"United States","USA",1964,131432400000
"United States","USA",1965,134831940000
"United States","USA",1966,138403360000
"United States","USA",1967,142108820000
"United States","USA",1968,145949740000
"United States","USA",1969,149984890000
"United States","USA",1970,154324580000
"United States","USA",1971,158690030000
"United States","USA",1972,163263050000
"United States","USA",1973,168048100000
"United States","USA",1974,172669160000
"United States","USA",1975,177147380000
"United States","USA",1976,181895140000
"United States","USA",1977,186784740000
"United States","USA",1978,191726110000
"United States","USA",1979,196734680000
"United States","USA",1980,201543200000
"United States","USA",1981,206229570000
"United States","USA",1982,210676830000
"United States","USA",1983,215106200000
"United States","USA",1984,219768340000
"United States","USA",1985,224420920000
"United States","USA",1986,229084300000
"United States","USA",1987,233909940000
"United States","USA",1988,238960430000
"United States","USA",1989,244092550000
"United States","USA",1990,249215060000
"United States","USA",1991,254280040000
"United States","USA",1992,259455250000
"United States","USA",1993,264729620000
"United States","USA",1994,270095200000
"United States","USA",1995,2.75523e+11
"United States","USA",1996,281139450000
"United States","USA",1997,286831280000
"United States","USA",1998,292568430000
"United States","USA",1999,298378760000
"United States","USA",2000,304395100000
"United States","USA",2001,310307100000
"United States","USA",2002,316259800000
"United States","USA",2003,322275600000
"United States","USA",2004,328393560000
"United States","USA",2005,334531170000
"United States","USA",2006,340588330000
"United States","USA",2007,346723600000
"United States","USA",2008,352642500000
"United States","USA",2009,358125470000
"United States","USA",2010,363806850000
"United States","USA",2011,369353500000
"United States","USA",2012,374698930000
"United States","USA",2013,380179870000
"United States","USA",2014,385708720000
"United States","USA",2015,391085330000
"United States","USA",2016,396337100000
"United States","USA",2017,401548020000
"United States","USA",2018,406924700000
"United States","USA",2019,412183820000
"United States","USA",2020,416899530000
"United States","USA",2021,421906840000
"European Union (27)",NA,1750,0
"European Union (27)",NA,1751,0
"European Union (27)",NA,1752,0
"European Union (27)",NA,1753,0
"European Union (27)",NA,1754,0
"European Union (27)",NA,1755,0
"European Union (27)",NA,1756,0
"European Union (27)",NA,1757,0
"European Union (27)",NA,1758,0
"European Union (27)",NA,1759,0
"European Union (27)",NA,1760,0
"European Union (27)",NA,1761,0
"European Union (27)",NA,1762,0
"European Union (27)",NA,1763,0
"European Union (27)",NA,1764,0
"European Union (27)",NA,1765,0
"European Union (27)",NA,1766,0
"European Union (27)",NA,1767,0
"European Union (27)",NA,1768,0
"European Union (27)",NA,1769,0
"European Union (27)",NA,1770,0
"European Union (27)",NA,1771,0
"European Union (27)",NA,1772,0
"European Union (27)",NA,1773,0
"European Union (27)",NA,1774,0
"European Union (27)",NA,1775,0
"European Union (27)",NA,1776,0
"European Union (27)",NA,1777,0
"European Union (27)",NA,1778,0
"European Union (27)",NA,1779,0
"European Union (27)",NA,1780,0
"European Union (27)",NA,1781,0
"European Union (27)",NA,1782,0
"European Union (27)",NA,1783,0
"European Union (27)",NA,1784,0
"European Union (27)",NA,1785,0
"European Union (27)",NA,1786,0
"European Union (27)",NA,1787,0
"European Union (27)",NA,1788,0
"European Union (27)",NA,1789,0
"European Union (27)",NA,1790,0
"European Union (27)",NA,1791,0
"European Union (27)",NA,1792,468992
"European Union (27)",NA,1793,948976
"European Union (27)",NA,1794,1392320
"European Union (27)",NA,1795,1839328
"European Union (27)",NA,1796,2374272
"European Union (27)",NA,1797,2923872
"European Union (27)",NA,1798,3499120
"European Union (27)",NA,1799,4125664
"European Union (27)",NA,1800,5327456
"European Union (27)",NA,1801,6305744
"European Union (27)",NA,1802,15945728
"European Union (27)",NA,1803,16942336
"European Union (27)",NA,1804,20584352
"European Union (27)",NA,1805,22196512
"European Union (27)",NA,1806,23654784
"European Union (27)",NA,1807,26890096
"European Union (27)",NA,1808,28289744
"European Union (27)",NA,1809,29693056
"European Union (27)",NA,1810,33360720
"European Union (27)",NA,1811,36929456
"European Union (27)",NA,1812,40512850
"European Union (27)",NA,1813,43832430
"European Union (27)",NA,1814,47309570
"European Union (27)",NA,1815,51270350
"European Union (27)",NA,1816,56832304
"European Union (27)",NA,1817,63618030
"European Union (27)",NA,1818,70455060
"European Union (27)",NA,1819,77299410
"European Union (27)",NA,1820,84664050
"European Union (27)",NA,1821,92395090
"European Union (27)",NA,1822,100470540
"European Union (27)",NA,1823,109242160
"European Union (27)",NA,1824,117665700
"European Union (27)",NA,1825,127690400
"European Union (27)",NA,1826,137645490
"European Union (27)",NA,1827,149879580
"European Union (27)",NA,1828,162329860
"European Union (27)",NA,1829,173578340
"European Union (27)",NA,1830,192719570
"European Union (27)",NA,1831,209189840
"European Union (27)",NA,1832,225670910
"European Union (27)",NA,1833,243434500
"European Union (27)",NA,1834,262996580
"European Union (27)",NA,1835,283844740
"European Union (27)",NA,1836,307422600
"European Union (27)",NA,1837,333008300
"European Union (27)",NA,1838,360154880
"European Union (27)",NA,1839,388426300
"European Union (27)",NA,1840,420475300
"European Union (27)",NA,1841,454979200
"European Union (27)",NA,1842,492117500
"European Union (27)",NA,1843,528046700
"European Union (27)",NA,1844,566621250
"European Union (27)",NA,1845,610538000
"European Union (27)",NA,1846,659804100
"European Union (27)",NA,1847,713452400
"European Union (27)",NA,1848,761025800
"European Union (27)",NA,1849,810156350
"European Union (27)",NA,1850,864346400
"European Union (27)",NA,1851,921643970
"European Union (27)",NA,1852,985928800
"European Union (27)",NA,1853,1057109400
"European Union (27)",NA,1854,1139428500
"European Union (27)",NA,1855,1230250100
"European Union (27)",NA,1856,1326646300
"European Union (27)",NA,1857,1427098500
"European Union (27)",NA,1858,1532964600
"European Union (27)",NA,1859,1636962800
"European Union (27)",NA,1860,1749616300
"European Union (27)",NA,1861,1873468200
"European Union (27)",NA,1862,2007544000
"European Union (27)",NA,1863,2147032600
"European Union (27)",NA,1864,2297930000
"European Union (27)",NA,1865,2461752800
"European Union (27)",NA,1866,2630082000
"European Union (27)",NA,1867,2810572300
"European Union (27)",NA,1868,2999926000
"European Union (27)",NA,1869,3197274400
"European Union (27)",NA,1870,3395400400
"European Union (27)",NA,1871,3606980900
"European Union (27)",NA,1872,3842073300
"European Union (27)",NA,1873,4093773000
"European Union (27)",NA,1874,4313995300
"European Union (27)",NA,1875,4568911400
"European Union (27)",NA,1876,4835258000
"European Union (27)",NA,1877,5095142000
"European Union (27)",NA,1878,5363652600
"European Union (27)",NA,1879,5647911400
"European Union (27)",NA,1880,5976770000
"European Union (27)",NA,1881,6306906000
"European Union (27)",NA,1882,6655863000
"European Union (27)",NA,1883,7028515000
"European Union (27)",NA,1884,7404860400
"European Union (27)",NA,1885,7785848300
"European Union (27)",NA,1886,8168622600
"European Union (27)",NA,1887,8569587000
"European Union (27)",NA,1888,9000962000
"European Union (27)",NA,1889,9455524000
"European Union (27)",NA,1890,9937171000
"European Union (27)",NA,1891,10438503000
"European Union (27)",NA,1892,10932126000
"European Union (27)",NA,1893,11434047000
"European Union (27)",NA,1894,11961257000
"European Union (27)",NA,1895,12504565000
"European Union (27)",NA,1896,13079860000
"European Union (27)",NA,1897,13688426000
"European Union (27)",NA,1898,14323922000
"European Union (27)",NA,1899,14993264000
"European Union (27)",NA,1900,15705412000
"European Union (27)",NA,1901,16415077000
"European Union (27)",NA,1902,17111530000
"European Union (27)",NA,1903,17854610000
"European Union (27)",NA,1904,18611770000
"European Union (27)",NA,1905,19407534000
"European Union (27)",NA,1906,20219884000
"European Union (27)",NA,1907,21147380000
"European Union (27)",NA,1908,22109403000
"European Union (27)",NA,1909,23064412000
"European Union (27)",NA,1910,24037267000
"European Union (27)",NA,1911,25029970000
"European Union (27)",NA,1912,26094354000
"European Union (27)",NA,1913,27240514000
"European Union (27)",NA,1914,28221487000
"European Union (27)",NA,1915,29121516000
"European Union (27)",NA,1916,30067610000
"European Union (27)",NA,1917,31005921000
"European Union (27)",NA,1918,31889357000
"European Union (27)",NA,1919,32576287000
"European Union (27)",NA,1920,33437702000
"European Union (27)",NA,1921,34331808000
"European Union (27)",NA,1922,35249865000
"European Union (27)",NA,1923,36073220000
"European Union (27)",NA,1924,37073367000
"European Union (27)",NA,1925,38085054000
"European Union (27)",NA,1926,39062940000
"European Union (27)",NA,1927,40162260000
"European Union (27)",NA,1928,41287390000
"European Union (27)",NA,1929,42523060000
"European Union (27)",NA,1930,43646374000
"European Union (27)",NA,1931,44658060000
"European Union (27)",NA,1932,45552194000
"European Union (27)",NA,1933,4.6474e+10
"European Union (27)",NA,1934,47467475000
"European Union (27)",NA,1935,48507445000
"European Union (27)",NA,1936,49591288000
"European Union (27)",NA,1937,50811146000
"European Union (27)",NA,1938,52043457000
"European Union (27)",NA,1939,53312470000
"European Union (27)",NA,1940,54632833000
"European Union (27)",NA,1941,55934226000
"European Union (27)",NA,1942,57254900000
"European Union (27)",NA,1943,58586575000
"European Union (27)",NA,1944,59728273000
"European Union (27)",NA,1945,60221180000
"European Union (27)",NA,1946,61068825000
"European Union (27)",NA,1947,62059545000
"European Union (27)",NA,1948,63154913000
"European Union (27)",NA,1949,64366027000
"European Union (27)",NA,1950,65643815000
"European Union (27)",NA,1951,67073642000
"European Union (27)",NA,1952,68560540000
"European Union (27)",NA,1953,70075610000
"European Union (27)",NA,1954,71687045000
"European Union (27)",NA,1955,73430490000
"European Union (27)",NA,1956,75297660000
"European Union (27)",NA,1957,77224165000
"European Union (27)",NA,1958,79135180000
"European Union (27)",NA,1959,81075950000
"European Union (27)",NA,1960,83175210000
"European Union (27)",NA,1961,85374075000
"European Union (27)",NA,1962,87727830000
"European Union (27)",NA,1963,90239880000
"European Union (27)",NA,1964,92883100000
"European Union (27)",NA,1965,95559130000
"European Union (27)",NA,1966,98316690000
"European Union (27)",NA,1967,101135840000
"European Union (27)",NA,1968,104128230000
"European Union (27)",NA,1969,107319255000
"European Union (27)",NA,1970,110649630000
"European Union (27)",NA,1971,114073880000
"European Union (27)",NA,1972,117628410000
"European Union (27)",NA,1973,121356060000
"European Union (27)",NA,1974,125064510000
"European Union (27)",NA,1975,128700300000
"European Union (27)",NA,1976,132611860000
"European Union (27)",NA,1977,136484980000
"European Union (27)",NA,1978,140488590000
"European Union (27)",NA,1979,144601660000
"European Union (27)",NA,1980,148679180000
"European Union (27)",NA,1981,152542530000
"European Union (27)",NA,1982,156314030000
"European Union (27)",NA,1983,160042550000
"European Union (27)",NA,1984,163806150000
"European Union (27)",NA,1985,167626770000
"European Union (27)",NA,1986,171431250000
"European Union (27)",NA,1987,175269610000
"European Union (27)",NA,1988,179065930000
"European Union (27)",NA,1989,182900180000
"European Union (27)",NA,1990,186765670000
"European Union (27)",NA,1991,190568710000
"European Union (27)",NA,1992,194243080000
"European Union (27)",NA,1993,197850120000
"European Union (27)",NA,1994,201438690000
"European Union (27)",NA,1995,205075420000
"European Union (27)",NA,1996,208796100000
"European Union (27)",NA,1997,212450840000
"European Union (27)",NA,1998,216096520000
"European Union (27)",NA,1999,219687080000
"European Union (27)",NA,2000,223289500000
"European Union (27)",NA,2001,226949480000
"European Union (27)",NA,2002,230610900000
"European Union (27)",NA,2003,234355440000
"European Union (27)",NA,2004,238111050000
"European Union (27)",NA,2005,241846940000
"European Union (27)",NA,2006,245592620000
"European Union (27)",NA,2007,249303220000
"European Union (27)",NA,2008,252930300000
"European Union (27)",NA,2009,256262500000
"European Union (27)",NA,2010,259695130000
"European Union (27)",NA,2011,263028060000
"European Union (27)",NA,2012,266288200000
"European Union (27)",NA,2013,269465320000
"European Union (27)",NA,2014,272505520000
"European Union (27)",NA,2015,275598250000
"European Union (27)",NA,2016,2.78698e+11
"European Union (27)",NA,2017,281821220000
"European Union (27)",NA,2018,284870400000
"European Union (27)",NA,2019,287776830000
"European Union (27)",NA,2020,290398630000
"European Union (27)",NA,2021,293191650000
"Asia (excl. China and India)",NA,1750,0
"Asia (excl. China and India)",NA,1751,0
"Asia (excl. China and India)",NA,1752,0
"Asia (excl. China and India)",NA,1753,0
"Asia (excl. China and India)",NA,1754,0
"Asia (excl. China and India)",NA,1755,0
"Asia (excl. China and India)",NA,1756,0
"Asia (excl. China and India)",NA,1757,0
"Asia (excl. China and India)",NA,1758,0
"Asia (excl. China and India)",NA,1759,0
"Asia (excl. China and India)",NA,1760,0
"Asia (excl. China and India)",NA,1761,0
"Asia (excl. China and India)",NA,1762,0
"Asia (excl. China and India)",NA,1763,0
"Asia (excl. China and India)",NA,1764,0
"Asia (excl. China and India)",NA,1765,0
"Asia (excl. China and India)",NA,1766,0
"Asia (excl. China and India)",NA,1767,0
"Asia (excl. China and India)",NA,1768,0
"Asia (excl. China and India)",NA,1769,0
"Asia (excl. China and India)",NA,1770,0
"Asia (excl. China and India)",NA,1771,0
"Asia (excl. China and India)",NA,1772,0
"Asia (excl. China and India)",NA,1773,0
"Asia (excl. China and India)",NA,1774,0
"Asia (excl. China and India)",NA,1775,0
"Asia (excl. China and India)",NA,1776,0
"Asia (excl. China and India)",NA,1777,0
"Asia (excl. China and India)",NA,1778,0
"Asia (excl. China and India)",NA,1779,0
"Asia (excl. China and India)",NA,1780,0
"Asia (excl. China and India)",NA,1781,0
"Asia (excl. China and India)",NA,1782,0
"Asia (excl. China and India)",NA,1783,0
"Asia (excl. China and India)",NA,1784,0
"Asia (excl. China and India)",NA,1785,0
"Asia (excl. China and India)",NA,1786,0
"Asia (excl. China and India)",NA,1787,0
"Asia (excl. China and India)",NA,1788,0
"Asia (excl. China and India)",NA,1789,0
"Asia (excl. China and India)",NA,1790,0
"Asia (excl. China and India)",NA,1791,0
"Asia (excl. China and India)",NA,1792,0
"Asia (excl. China and India)",NA,1793,0
"Asia (excl. China and India)",NA,1794,0
"Asia (excl. China and India)",NA,1795,0
"Asia (excl. China and India)",NA,1796,0
"Asia (excl. China and India)",NA,1797,0
"Asia (excl. China and India)",NA,1798,0
"Asia (excl. China and India)",NA,1799,0
"Asia (excl. China and India)",NA,1800,0
"Asia (excl. China and India)",NA,1801,0
"Asia (excl. China and India)",NA,1802,0
"Asia (excl. China and India)",NA,1803,0
"Asia (excl. China and India)",NA,1804,0
"Asia (excl. China and India)",NA,1805,0
"Asia (excl. China and India)",NA,1806,0
"Asia (excl. China and India)",NA,1807,0
"Asia (excl. China and India)",NA,1808,0
"Asia (excl. China and India)",NA,1809,0
"Asia (excl. China and India)",NA,1810,0
"Asia (excl. China and India)",NA,1811,0
"Asia (excl. China and India)",NA,1812,0
"Asia (excl. China and India)",NA,1813,0
"Asia (excl. China and India)",NA,1814,0
"Asia (excl. China and India)",NA,1815,0
"Asia (excl. China and India)",NA,1816,0
"Asia (excl. China and India)",NA,1817,0
"Asia (excl. China and India)",NA,1818,0
"Asia (excl. China and India)",NA,1819,0
"Asia (excl. China and India)",NA,1820,0
"Asia (excl. China and India)",NA,1821,0
"Asia (excl. China and India)",NA,1822,0
"Asia (excl. China and India)",NA,1823,0
"Asia (excl. China and India)",NA,1824,0
"Asia (excl. China and India)",NA,1825,0
"Asia (excl. China and India)",NA,1826,0
"Asia (excl. China and India)",NA,1827,0
"Asia (excl. China and India)",NA,1828,0
"Asia (excl. China and India)",NA,1829,0
"Asia (excl. China and India)",NA,1830,2371
"Asia (excl. China and India)",NA,1831,5217
"Asia (excl. China and India)",NA,1832,7113
"Asia (excl. China and India)",NA,1833,9484
"Asia (excl. China and India)",NA,1834,9484
"Asia (excl. China and India)",NA,1835,9484
"Asia (excl. China and India)",NA,1836,9484
"Asia (excl. China and India)",NA,1837,9484
"Asia (excl. China and India)",NA,1838,9484
"Asia (excl. China and India)",NA,1839,9484
"Asia (excl. China and India)",NA,1840,9484
"Asia (excl. China and India)",NA,1841,9484
"Asia (excl. China and India)",NA,1842,9484
"Asia (excl. China and India)",NA,1843,9484
"Asia (excl. China and India)",NA,1844,9484
"Asia (excl. China and India)",NA,1845,9484
"Asia (excl. China and India)",NA,1846,9484
"Asia (excl. China and India)",NA,1847,9484
"Asia (excl. China and India)",NA,1848,9484
"Asia (excl. China and India)",NA,1849,9484
"Asia (excl. China and India)",NA,1850,24191
"Asia (excl. China and India)",NA,1851,24191
"Asia (excl. China and India)",NA,1852,24191
"Asia (excl. China and India)",NA,1853,24191
"Asia (excl. China and India)",NA,1854,24191
"Asia (excl. China and India)",NA,1855,68786
"Asia (excl. China and India)",NA,1856,68786
"Asia (excl. China and India)",NA,1857,68786
"Asia (excl. China and India)",NA,1858,131409
"Asia (excl. China and India)",NA,1859,197827
"Asia (excl. China and India)",NA,1860,285594
"Asia (excl. China and India)",NA,1861,397082
"Asia (excl. China and India)",NA,1862,497657
"Asia (excl. China and India)",NA,1863,602978
"Asia (excl. China and India)",NA,1864,721107
"Asia (excl. China and India)",NA,1865,984240
"Asia (excl. China and India)",NA,1866,1549846
"Asia (excl. China and India)",NA,1867,2186434
"Asia (excl. China and India)",NA,1868,2713926
"Asia (excl. China and India)",NA,1869,3461797
"Asia (excl. China and India)",NA,1870,4139124
"Asia (excl. China and India)",NA,1871,5039616
"Asia (excl. China and India)",NA,1872,6013092
"Asia (excl. China and India)",NA,1873,6943874
"Asia (excl. China and India)",NA,1874,8578388
"Asia (excl. China and India)",NA,1875,11281432
"Asia (excl. China and India)",NA,1876,14091019
"Asia (excl. China and India)",NA,1877,16982476
"Asia (excl. China and India)",NA,1878,20675328
"Asia (excl. China and India)",NA,1879,24664034
"Asia (excl. China and India)",NA,1880,28968416
"Asia (excl. China and India)",NA,1881,33479500
"Asia (excl. China and India)",NA,1882,38162196
"Asia (excl. China and India)",NA,1883,43328556
"Asia (excl. China and India)",NA,1884,48790170
"Asia (excl. China and India)",NA,1885,54869944
"Asia (excl. China and India)",NA,1886,61212570
"Asia (excl. China and India)",NA,1887,68684820
"Asia (excl. China and India)",NA,1888,76993816
"Asia (excl. China and India)",NA,1889,86756210
"Asia (excl. China and India)",NA,1890,97413080
"Asia (excl. China and India)",NA,1891,109846456
"Asia (excl. China and India)",NA,1892,122876420
"Asia (excl. China and India)",NA,1893,137750140
"Asia (excl. China and India)",NA,1894,154885360
"Asia (excl. China and India)",NA,1895,174159420
"Asia (excl. China and India)",NA,1896,194586110
"Asia (excl. China and India)",NA,1897,216825310
"Asia (excl. China and India)",NA,1898,244194860
"Asia (excl. China and India)",NA,1899,272794900
"Asia (excl. China and India)",NA,1900,304874500
"Asia (excl. China and India)",NA,1901,342064700
"Asia (excl. China and India)",NA,1902,379961250
"Asia (excl. China and India)",NA,1903,420226600
"Asia (excl. China and India)",NA,1904,465578700
"Asia (excl. China and India)",NA,1905,511656100
"Asia (excl. China and India)",NA,1906,562394430
"Asia (excl. China and India)",NA,1907,617931700
"Asia (excl. China and India)",NA,1908,676279550
"Asia (excl. China and India)",NA,1909,737097200
"Asia (excl. China and India)",NA,1910,799383940
"Asia (excl. China and India)",NA,1911,867735740
"Asia (excl. China and India)",NA,1912,941965060
"Asia (excl. China and India)",NA,1913,1023615550
"Asia (excl. China and India)",NA,1914,1108077200
"Asia (excl. China and India)",NA,1915,1186177000
"Asia (excl. China and India)",NA,1916,1272433300
"Asia (excl. China and India)",NA,1917,1367388400
"Asia (excl. China and India)",NA,1918,1460160500
"Asia (excl. China and India)",NA,1919,1562750200
"Asia (excl. China and India)",NA,1920,1663035100
"Asia (excl. China and India)",NA,1921,1758566800
"Asia (excl. China and India)",NA,1922,1862973700
"Asia (excl. China and India)",NA,1923,1977697900
"Asia (excl. China and India)",NA,1924,2101508500
"Asia (excl. China and India)",NA,1925,2230918100
"Asia (excl. China and India)",NA,1926,2366136000
"Asia (excl. China and India)",NA,1927,2515250000
"Asia (excl. China and India)",NA,1928,2675996000
"Asia (excl. China and India)",NA,1929,2844369000
"Asia (excl. China and India)",NA,1930,3010354700
"Asia (excl. China and India)",NA,1931,3168300500
"Asia (excl. China and India)",NA,1932,3330693600
"Asia (excl. China and India)",NA,1933,3514206500
"Asia (excl. China and India)",NA,1934,3721854700
"Asia (excl. China and India)",NA,1935,3945116000
"Asia (excl. China and India)",NA,1936,4193141000
"Asia (excl. China and India)",NA,1937,4462630400
"Asia (excl. China and India)",NA,1938,4745645000
"Asia (excl. China and India)",NA,1939,5040784000
"Asia (excl. China and India)",NA,1940,5369521700
"Asia (excl. China and India)",NA,1941,5680382500
"Asia (excl. China and India)",NA,1942,5946653700
"Asia (excl. China and India)",NA,1943,6231140400
"Asia (excl. China and India)",NA,1944,6521031700
"Asia (excl. China and India)",NA,1945,6740394500
"Asia (excl. China and India)",NA,1946,6967717000
"Asia (excl. China and India)",NA,1947,7253136000
"Asia (excl. China and India)",NA,1948,7545556000
"Asia (excl. China and India)",NA,1949,7885885400
"Asia (excl. China and India)",NA,1950,8221124000
"Asia (excl. China and India)",NA,1951,8510032400
"Asia (excl. China and India)",NA,1952,8819305000
"Asia (excl. China and India)",NA,1953,9157070000
"Asia (excl. China and India)",NA,1954,9515814000
"Asia (excl. China and India)",NA,1955,9921291000
"Asia (excl. China and India)",NA,1956,10373090000
"Asia (excl. China and India)",NA,1957,10869200000
"Asia (excl. China and India)",NA,1958,11386689000
"Asia (excl. China and India)",NA,1959,11938707000
"Asia (excl. China and India)",NA,1960,12566989000
"Asia (excl. China and India)",NA,1961,13269210000
"Asia (excl. China and India)",NA,1962,14019299000
"Asia (excl. China and India)",NA,1963,14842886000
"Asia (excl. China and India)",NA,1964,15749823000
"Asia (excl. China and India)",NA,1965,16745318000
"Asia (excl. China and India)",NA,1966,17833128000
"Asia (excl. China and India)",NA,1967,19037958000
"Asia (excl. China and India)",NA,1968,20383850000
"Asia (excl. China and India)",NA,1969,21887662000
"Asia (excl. China and India)",NA,1970,23594093000
"Asia (excl. China and India)",NA,1971,25443359000
"Asia (excl. China and India)",NA,1972,27392084000
"Asia (excl. China and India)",NA,1973,29526436000
"Asia (excl. China and India)",NA,1974,31693870000
"Asia (excl. China and India)",NA,1975,33853254000
"Asia (excl. China and India)",NA,1976,36183830000
"Asia (excl. China and India)",NA,1977,38630453000
"Asia (excl. China and India)",NA,1978,41102080000
"Asia (excl. China and India)",NA,1979,43701320000
"Asia (excl. China and India)",NA,1980,46311064000
"Asia (excl. China and India)",NA,1981,48889106000
"Asia (excl. China and India)",NA,1982,51476280000
"Asia (excl. China and India)",NA,1983,54131036000
"Asia (excl. China and India)",NA,1984,56900006000
"Asia (excl. China and India)",NA,1985,59770933000
"Asia (excl. China and India)",NA,1986,62733180000
"Asia (excl. China and India)",NA,1987,65752240000
"Asia (excl. China and India)",NA,1988,69029160000
"Asia (excl. China and India)",NA,1989,72435320000
"Asia (excl. China and India)",NA,1990,75983690000
"Asia (excl. China and India)",NA,1991,80176930000
"Asia (excl. China and India)",NA,1992,84047660000
"Asia (excl. China and India)",NA,1993,88037960000
"Asia (excl. China and India)",NA,1994,92142330000
"Asia (excl. China and India)",NA,1995,96264765000
"Asia (excl. China and India)",NA,1996,100509340000
"Asia (excl. China and India)",NA,1997,104828220000
"Asia (excl. China and India)",NA,1998,109010350000
"Asia (excl. China and India)",NA,1999,113386930000
"Asia (excl. China and India)",NA,2000,118064750000
"Asia (excl. China and India)",NA,2001,122814880000
"Asia (excl. China and India)",NA,2002,127692040000
"Asia (excl. China and India)",NA,2003,132799324000
"Asia (excl. China and India)",NA,2004,138133450000
"Asia (excl. China and India)",NA,2005,143597300000
"Asia (excl. China and India)",NA,2006,149216970000
"Asia (excl. China and India)",NA,2007,154958380000
"Asia (excl. China and India)",NA,2008,160820150000
"Asia (excl. China and India)",NA,2009,166690830000
"Asia (excl. China and India)",NA,2010,172934410000
"Asia (excl. China and India)",NA,2011,179379590000
"Asia (excl. China and India)",NA,2012,186104610000
"Asia (excl. China and India)",NA,2013,192831880000
"Asia (excl. China and India)",NA,2014,199714470000
"Asia (excl. China and India)",NA,2015,206783680000
"Asia (excl. China and India)",NA,2016,213938780000
"Asia (excl. China and India)",NA,2017,221332460000
"Asia (excl. China and India)",NA,2018,228815830000
"Asia (excl. China and India)",NA,2019,236342890000
"Asia (excl. China and India)",NA,2020,243631400000
"Asia (excl. China and India)",NA,2021,251138340000
"China","CHN",1750,0
"China","CHN",1751,0
"China","CHN",1752,0
"China","CHN",1753,0
"China","CHN",1754,0
"China","CHN",1755,0
"China","CHN",1756,0
"China","CHN",1757,0
"China","CHN",1758,0
"China","CHN",1759,0
"China","CHN",1760,0
"China","CHN",1761,0
"China","CHN",1762,0
"China","CHN",1763,0
"China","CHN",1764,0
"China","CHN",1765,0
"China","CHN",1766,0
"China","CHN",1767,0
"China","CHN",1768,0
"China","CHN",1769,0
"China","CHN",1770,0
"China","CHN",1771,0
"China","CHN",1772,0
"China","CHN",1773,0
"China","CHN",1774,0
"China","CHN",1775,0
"China","CHN",1776,0
"China","CHN",1777,0
"China","CHN",1778,0
"China","CHN",1779,0
"China","CHN",1780,0
"China","CHN",1781,0
"China","CHN",1782,0
"China","CHN",1783,0
"China","CHN",1784,0
"China","CHN",1785,0
"China","CHN",1786,0
"China","CHN",1787,0
"China","CHN",1788,0
"China","CHN",1789,0
"China","CHN",1790,0
"China","CHN",1791,0
"China","CHN",1792,0
"China","CHN",1793,0
"China","CHN",1794,0
"China","CHN",1795,0
"China","CHN",1796,0
"China","CHN",1797,0
"China","CHN",1798,0
"China","CHN",1799,0
"China","CHN",1800,0
"China","CHN",1801,0
"China","CHN",1802,0
"China","CHN",1803,0
"China","CHN",1804,0
"China","CHN",1805,0
"China","CHN",1806,0
"China","CHN",1807,0
"China","CHN",1808,0
"China","CHN",1809,0
"China","CHN",1810,0
"China","CHN",1811,0
"China","CHN",1812,0
"China","CHN",1813,0
"China","CHN",1814,0
"China","CHN",1815,0
"China","CHN",1816,0
"China","CHN",1817,0
"China","CHN",1818,0
"China","CHN",1819,0
"China","CHN",1820,0
"China","CHN",1821,0
"China","CHN",1822,0
"China","CHN",1823,0
"China","CHN",1824,0
"China","CHN",1825,0
"China","CHN",1826,0
"China","CHN",1827,0
"China","CHN",1828,0
"China","CHN",1829,0
"China","CHN",1830,0
"China","CHN",1831,0
"China","CHN",1832,0
"China","CHN",1833,0
"China","CHN",1834,0
"China","CHN",1835,0
"China","CHN",1836,0
"China","CHN",1837,0
"China","CHN",1838,0
"China","CHN",1839,0
"China","CHN",1840,0
"China","CHN",1841,0
"China","CHN",1842,0
"China","CHN",1843,0
"China","CHN",1844,0
"China","CHN",1845,0
"China","CHN",1846,0
"China","CHN",1847,0
"China","CHN",1848,0
"China","CHN",1849,0
"China","CHN",1850,0
"China","CHN",1851,0
"China","CHN",1852,0
"China","CHN",1853,0
"China","CHN",1854,0
"China","CHN",1855,0
"China","CHN",1856,0
"China","CHN",1857,0
"China","CHN",1858,0
"China","CHN",1859,0
"China","CHN",1860,0
"China","CHN",1861,0
"China","CHN",1862,0
"China","CHN",1863,0
"China","CHN",1864,0
"China","CHN",1865,0
"China","CHN",1866,0
"China","CHN",1867,0
"China","CHN",1868,0
"China","CHN",1869,0
"China","CHN",1870,0
"China","CHN",1871,0
"China","CHN",1872,0
"China","CHN",1873,0
"China","CHN",1874,0
"China","CHN",1875,0
"China","CHN",1876,0
"China","CHN",1877,0
"China","CHN",1878,0
"China","CHN",1879,0
"China","CHN",1880,0
"China","CHN",1881,0
"China","CHN",1882,0
"China","CHN",1883,0
"China","CHN",1884,0
"China","CHN",1885,0
"China","CHN",1886,0
"China","CHN",1887,0
"China","CHN",1888,0
"China","CHN",1889,0
"China","CHN",1890,0
"China","CHN",1891,0
"China","CHN",1892,0
"China","CHN",1893,0
"China","CHN",1894,0
"China","CHN",1895,0
"China","CHN",1896,0
"China","CHN",1897,0
"China","CHN",1898,0
"China","CHN",1899,0
"China","CHN",1900,0
"China","CHN",1901,0
"China","CHN",1902,0
"China","CHN",1903,0
"China","CHN",1904,0
"China","CHN",1905,0
"China","CHN",1906,0
"China","CHN",1907,19893872
"China","CHN",1908,42629730
"China","CHN",1909,66881304
"China","CHN",1910,91890740
"China","CHN",1911,116521250
"China","CHN",1912,133550400
"China","CHN",1913,157801980
"China","CHN",1914,184520380
"China","CHN",1915,209940980
"China","CHN",1916,240071660
"China","CHN",1917,272095100
"China","CHN",1918,306843070
"China","CHN",1919,344840400
"China","CHN",1920,385118820
"China","CHN",1921,423881570
"China","CHN",1922,463853100
"China","CHN",1923,510370620
"China","CHN",1924,559216700
"China","CHN",1925,605171600
"China","CHN",1926,648831740
"China","CHN",1927,694640300
"China","CHN",1928,742231740
"China","CHN",1929,790513600
"China","CHN",1930,840072060
"China","CHN",1931,891976700
"China","CHN",1932,942245800
"China","CHN",1933,996357000
"China","CHN",1934,1058739650
"China","CHN",1935,1131385600
"China","CHN",1936,1206862800
"China","CHN",1937,1277831600
"China","CHN",1938,1339197000
"China","CHN",1939,1413624000
"China","CHN",1940,1504414600
"China","CHN",1941,1618393100
"China","CHN",1942,1746006500
"China","CHN",1943,1855001100
"China","CHN",1944,1958004600
"China","CHN",1945,2013896800
"China","CHN",1946,2050003800
"China","CHN",1947,2091840000
"China","CHN",1948,2130240100
"China","CHN",1949,2192321300
"China","CHN",1950,2271156500
"China","CHN",1951,2373271800
"China","CHN",1952,2501271000
"China","CHN",1953,2635053800
"China","CHN",1954,2795931400
"China","CHN",1955,2986452700
"China","CHN",1956,3202276900
"China","CHN",1957,3458061800
"China","CHN",1958,3982678800
"China","CHN",1959,4702830600
"China","CHN",1960,5501630500
"China","CHN",1961,6072260600
"China","CHN",1962,6531878400
"China","CHN",1963,6988658000
"China","CHN",1964,7449295000
"China","CHN",1965,7949581300
"China","CHN",1966,8499041000
"China","CHN",1967,8959267000
"China","CHN",1968,9454773000
"China","CHN",1969,10062457000
"China","CHN",1970,10870409000
"China","CHN",1971,11779619000
"China","CHN",1972,12748264000
"China","CHN",1973,13756557000
"China","CHN",1974,14784657000
"China","CHN",1975,15967872000
"China","CHN",1976,17194293000
"China","CHN",1977,18535125000
"China","CHN",1978,20027902000
"China","CHN",1979,21553564000
"China","CHN",1980,23048059000
"China","CHN",1981,24524546000
"China","CHN",1982,26131132000
"China","CHN",1983,27825349000
"China","CHN",1984,29670177000
"China","CHN",1985,31668260000
"China","CHN",1986,33772472000
"China","CHN",1987,36030210000
"China","CHN",1988,38456107000
"China","CHN",1989,40919760000
"China","CHN",1990,43404616000
"China","CHN",1991,46010712000
"China","CHN",1992,48741500000
"China","CHN",1993,51663150000
"China","CHN",1994,54763150000
"China","CHN",1995,58121060000
"China","CHN",1996,61624295000
"China","CHN",1997,65134460000
"China","CHN",1998,68494918000
"China","CHN",1999,72047760000
"China","CHN",2000,75692220000
"China","CHN",2001,79415950000
"China","CHN",2002,83528420000
"China","CHN",2003,88355860000
"China","CHN",2004,93579620000
"China","CHN",2005,99456170000
"China","CHN",2006,105944970000
"China","CHN",2007,112923580000
"China","CHN",2008,120420420000
"China","CHN",2009,128306950000
"China","CHN",2010,136923600000
"China","CHN",2011,146452150000
"China","CHN",2012,156231430000
"China","CHN",2013,166187750000
"China","CHN",2014,176186380000
"China","CHN",2015,186053280000
"China","CHN",2016,195818260000
"China","CHN",2017,205829360000
"China","CHN",2018,216183240000
"China","CHN",2019,226924230000
"China","CHN",2020,237880440000
"China","CHN",2021,249352810000
"Europe (excl. EU-27)",NA,1750,9350528
"Europe (excl. EU-27)",NA,1751,18701056
"Europe (excl. EU-27)",NA,1752,28055248
"Europe (excl. EU-27)",NA,1753,37409440
"Europe (excl. EU-27)",NA,1754,46767296
"Europe (excl. EU-27)",NA,1755,56128816
"Europe (excl. EU-27)",NA,1756,66135200
"Europe (excl. EU-27)",NA,1757,76145250
"Europe (excl. EU-27)",NA,1758,86158960
"Europe (excl. EU-27)",NA,1759,96176340
"Europe (excl. EU-27)",NA,1760,106193710
"Europe (excl. EU-27)",NA,1761,117167390
"Europe (excl. EU-27)",NA,1762,128144740
"Europe (excl. EU-27)",NA,1763,139125740
"Europe (excl. EU-27)",NA,1764,150110420
"Europe (excl. EU-27)",NA,1765,161098750
"Europe (excl. EU-27)",NA,1766,173358500
"Europe (excl. EU-27)",NA,1767,185621900
"Europe (excl. EU-27)",NA,1768,197888980
"Europe (excl. EU-27)",NA,1769,210159710
"Europe (excl. EU-27)",NA,1770,222434110
"Europe (excl. EU-27)",NA,1771,236045870
"Europe (excl. EU-27)",NA,1772,249661300
"Europe (excl. EU-27)",NA,1773,263280380
"Europe (excl. EU-27)",NA,1774,276903140
"Europe (excl. EU-27)",NA,1775,290529540
"Europe (excl. EU-27)",NA,1776,305566600
"Europe (excl. EU-27)",NA,1777,320607330
"Europe (excl. EU-27)",NA,1778,335651700
"Europe (excl. EU-27)",NA,1779,350699780
"Europe (excl. EU-27)",NA,1780,365755140
"Europe (excl. EU-27)",NA,1781,382598530
"Europe (excl. EU-27)",NA,1782,399445630
"Europe (excl. EU-27)",NA,1783,416300030
"Europe (excl. EU-27)",NA,1784,433158080
"Europe (excl. EU-27)",NA,1785,450023500
"Europe (excl. EU-27)",NA,1786,469171520
"Europe (excl. EU-27)",NA,1787,488326900
"Europe (excl. EU-27)",NA,1788,507485980
"Europe (excl. EU-27)",NA,1789,526652350
"Europe (excl. EU-27)",NA,1790,545826050
"Europe (excl. EU-27)",NA,1791,567242200
"Europe (excl. EU-27)",NA,1792,588665600
"Europe (excl. EU-27)",NA,1793,610096300
"Europe (excl. EU-27)",NA,1794,631530700
"Europe (excl. EU-27)",NA,1795,652972400
"Europe (excl. EU-27)",NA,1796,675385100
"Europe (excl. EU-27)",NA,1797,698926340
"Europe (excl. EU-27)",NA,1798,723442200
"Europe (excl. EU-27)",NA,1799,749240400
"Europe (excl. EU-27)",NA,1800,775874000
"Europe (excl. EU-27)",NA,1801,802584600
"Europe (excl. EU-27)",NA,1802,829434400
"Europe (excl. EU-27)",NA,1803,859625700
"Europe (excl. EU-27)",NA,1804,889956300
"Europe (excl. EU-27)",NA,1805,921419100
"Europe (excl. EU-27)",NA,1806,954669900
"Europe (excl. EU-27)",NA,1807,987928000
"Europe (excl. EU-27)",NA,1808,1021197100
"Europe (excl. EU-27)",NA,1809,1054477250
"Europe (excl. EU-27)",NA,1810,1087768300
"Europe (excl. EU-27)",NA,1811,1123331100
"Europe (excl. EU-27)",NA,1812,1160267900
"Europe (excl. EU-27)",NA,1813,1197644400
"Europe (excl. EU-27)",NA,1814,1235731600
"Europe (excl. EU-27)",NA,1815,1274654300
"Europe (excl. EU-27)",NA,1816,1316090500
"Europe (excl. EU-27)",NA,1817,1358014000
"Europe (excl. EU-27)",NA,1818,1400036400
"Europe (excl. EU-27)",NA,1819,1442373900
"Europe (excl. EU-27)",NA,1820,1484902000
"Europe (excl. EU-27)",NA,1821,1527774500
"Europe (excl. EU-27)",NA,1822,1572295700
"Europe (excl. EU-27)",NA,1823,1619169300
"Europe (excl. EU-27)",NA,1824,1668252200
"Europe (excl. EU-27)",NA,1825,1717844500
"Europe (excl. EU-27)",NA,1826,1767989900
"Europe (excl. EU-27)",NA,1827,1820220300
"Europe (excl. EU-27)",NA,1828,1872809600
"Europe (excl. EU-27)",NA,1829,1926157400
"Europe (excl. EU-27)",NA,1830,1994044900
"Europe (excl. EU-27)",NA,1831,2059832200
"Europe (excl. EU-27)",NA,1832,2125433900
"Europe (excl. EU-27)",NA,1833,2190943200
"Europe (excl. EU-27)",NA,1834,2256481300
"Europe (excl. EU-27)",NA,1835,2321759000
"Europe (excl. EU-27)",NA,1836,2398223000
"Europe (excl. EU-27)",NA,1837,2472019700
"Europe (excl. EU-27)",NA,1838,2547882800
"Europe (excl. EU-27)",NA,1839,2625702400
"Europe (excl. EU-27)",NA,1840,2706706200
"Europe (excl. EU-27)",NA,1841,2788604000
"Europe (excl. EU-27)",NA,1842,2874048500
"Europe (excl. EU-27)",NA,1843,2963204600
"Europe (excl. EU-27)",NA,1844,3056743000
"Europe (excl. EU-27)",NA,1845,3156828700
"Europe (excl. EU-27)",NA,1846,3252620300
"Europe (excl. EU-27)",NA,1847,3356271000
"Europe (excl. EU-27)",NA,1848,3465689000
"Europe (excl. EU-27)",NA,1849,3581801500
"Europe (excl. EU-27)",NA,1850,3704641000
"Europe (excl. EU-27)",NA,1851,3821446000
"Europe (excl. EU-27)",NA,1852,3937836500
"Europe (excl. EU-27)",NA,1853,4053600500
"Europe (excl. EU-27)",NA,1854,4193136600
"Europe (excl. EU-27)",NA,1855,4324125700
"Europe (excl. EU-27)",NA,1856,4464805000
"Europe (excl. EU-27)",NA,1857,4602970600
"Europe (excl. EU-27)",NA,1858,4738906000
"Europe (excl. EU-27)",NA,1859,4889881600
"Europe (excl. EU-27)",NA,1860,5059041300
"Europe (excl. EU-27)",NA,1861,5235669000
"Europe (excl. EU-27)",NA,1862,5406634000
"Europe (excl. EU-27)",NA,1863,5588376600
"Europe (excl. EU-27)",NA,1864,5784107500
"Europe (excl. EU-27)",NA,1865,5991500000
"Europe (excl. EU-27)",NA,1866,6206764000
"Europe (excl. EU-27)",NA,1867,6428098600
"Europe (excl. EU-27)",NA,1868,6644939300
"Europe (excl. EU-27)",NA,1869,6872952000
"Europe (excl. EU-27)",NA,1870,7106240500
"Europe (excl. EU-27)",NA,1871,7354408400
"Europe (excl. EU-27)",NA,1872,7615855000
"Europe (excl. EU-27)",NA,1873,7886660000
"Europe (excl. EU-27)",NA,1874,8150990300
"Europe (excl. EU-27)",NA,1875,8430719000
"Europe (excl. EU-27)",NA,1876,8711507000
"Europe (excl. EU-27)",NA,1877,8997565000
"Europe (excl. EU-27)",NA,1878,9280814000
"Europe (excl. EU-27)",NA,1879,9566136000
"Europe (excl. EU-27)",NA,1880,9878013000
"Europe (excl. EU-27)",NA,1881,10205645000
"Europe (excl. EU-27)",NA,1882,10536880000
"Europe (excl. EU-27)",NA,1883,10882988000
"Europe (excl. EU-27)",NA,1884,11220779000
"Europe (excl. EU-27)",NA,1885,11556443000
"Europe (excl. EU-27)",NA,1886,11889647000
"Europe (excl. EU-27)",NA,1887,12231960000
"Europe (excl. EU-27)",NA,1888,12588082000
"Europe (excl. EU-27)",NA,1889,12958069000
"Europe (excl. EU-27)",NA,1890,13338983000
"Europe (excl. EU-27)",NA,1891,13730651000
"Europe (excl. EU-27)",NA,1892,14116338000
"Europe (excl. EU-27)",NA,1893,14469280000
"Europe (excl. EU-27)",NA,1894,14869972000
"Europe (excl. EU-27)",NA,1895,15279274000
"Europe (excl. EU-27)",NA,1896,15700125000
"Europe (excl. EU-27)",NA,1897,16137203000
"Europe (excl. EU-27)",NA,1898,16580852000
"Europe (excl. EU-27)",NA,1899,17060999000
"Europe (excl. EU-27)",NA,1900,17554582000
"Europe (excl. EU-27)",NA,1901,18040115000
"Europe (excl. EU-27)",NA,1902,18539723000
"Europe (excl. EU-27)",NA,1903,19041786000
"Europe (excl. EU-27)",NA,1904,19553036000
"Europe (excl. EU-27)",NA,1905,20062940000
"Europe (excl. EU-27)",NA,1906,20597990000
"Europe (excl. EU-27)",NA,1907,21163305000
"Europe (excl. EU-27)",NA,1908,21718503000
"Europe (excl. EU-27)",NA,1909,22282330000
"Europe (excl. EU-27)",NA,1910,22848088000
"Europe (excl. EU-27)",NA,1911,23429499000
"Europe (excl. EU-27)",NA,1912,23997614000
"Europe (excl. EU-27)",NA,1913,24618826000
"Europe (excl. EU-27)",NA,1914,25211787000
"Europe (excl. EU-27)",NA,1915,25804593000
"Europe (excl. EU-27)",NA,1916,26419650000
"Europe (excl. EU-27)",NA,1917,27014734000
"Europe (excl. EU-27)",NA,1918,27525403000
"Europe (excl. EU-27)",NA,1919,28022276000
"Europe (excl. EU-27)",NA,1920,28534570000
"Europe (excl. EU-27)",NA,1921,28893622000
"Europe (excl. EU-27)",NA,1922,29373483000
"Europe (excl. EU-27)",NA,1923,29885858000
"Europe (excl. EU-27)",NA,1924,30427270000
"Europe (excl. EU-27)",NA,1925,30942410000
"Europe (excl. EU-27)",NA,1926,31273007000
"Europe (excl. EU-27)",NA,1927,31843949000
"Europe (excl. EU-27)",NA,1928,32395740000
"Europe (excl. EU-27)",NA,1929,32980460000
"Europe (excl. EU-27)",NA,1930,33578508000
"Europe (excl. EU-27)",NA,1931,34173624000
"Europe (excl. EU-27)",NA,1932,34772607000
"Europe (excl. EU-27)",NA,1933,35388277000
"Europe (excl. EU-27)",NA,1934,36077306000
"Europe (excl. EU-27)",NA,1935,36804542000
"Europe (excl. EU-27)",NA,1936,37597667000
"Europe (excl. EU-27)",NA,1937,38414870000
"Europe (excl. EU-27)",NA,1938,39229040000
"Europe (excl. EU-27)",NA,1939,40054694000
"Europe (excl. EU-27)",NA,1940,40962740000
"Europe (excl. EU-27)",NA,1941,41804698000
"Europe (excl. EU-27)",NA,1942,42480652000
"Europe (excl. EU-27)",NA,1943,43152232000
"Europe (excl. EU-27)",NA,1944,43900236000
"Europe (excl. EU-27)",NA,1945,44641140000
"Europe (excl. EU-27)",NA,1946,45450584000
"Europe (excl. EU-27)",NA,1947,46367710000
"Europe (excl. EU-27)",NA,1948,47328540000
"Europe (excl. EU-27)",NA,1949,48360400000
"Europe (excl. EU-27)",NA,1950,49466100000
"Europe (excl. EU-27)",NA,1951,50666680000
"Europe (excl. EU-27)",NA,1952,51893980000
"Europe (excl. EU-27)",NA,1953,53170627000
"Europe (excl. EU-27)",NA,1954,54529460000
"Europe (excl. EU-27)",NA,1955,56019972000
"Europe (excl. EU-27)",NA,1956,57598337000
"Europe (excl. EU-27)",NA,1957,59265417000
"Europe (excl. EU-27)",NA,1958,60986450000
"Europe (excl. EU-27)",NA,1959,62759256000
"Europe (excl. EU-27)",NA,1960,64624490000
"Europe (excl. EU-27)",NA,1961,66534953000
"Europe (excl. EU-27)",NA,1962,68517540000
"Europe (excl. EU-27)",NA,1963,70614860000
"Europe (excl. EU-27)",NA,1964,72810780000
"Europe (excl. EU-27)",NA,1965,75116190000
"Europe (excl. EU-27)",NA,1966,77511600000
"Europe (excl. EU-27)",NA,1967,79959250000
"Europe (excl. EU-27)",NA,1968,82479150000
"Europe (excl. EU-27)",NA,1969,85100500000
"Europe (excl. EU-27)",NA,1970,87864380000
"Europe (excl. EU-27)",NA,1971,90763110000
"Europe (excl. EU-27)",NA,1972,93760550000
"Europe (excl. EU-27)",NA,1973,96877470000
"Europe (excl. EU-27)",NA,1974,100031810000
"Europe (excl. EU-27)",NA,1975,103298335000
"Europe (excl. EU-27)",NA,1976,106663840000
"Europe (excl. EU-27)",NA,1977,110124040000
"Europe (excl. EU-27)",NA,1978,113686310000
"Europe (excl. EU-27)",NA,1979,117318760000
"Europe (excl. EU-27)",NA,1980,120990786000
"Europe (excl. EU-27)",NA,1981,124595400000
"Europe (excl. EU-27)",NA,1982,128231960000
"Europe (excl. EU-27)",NA,1983,131917955000
"Europe (excl. EU-27)",NA,1984,135619860000
"Europe (excl. EU-27)",NA,1985,139588830000
"Europe (excl. EU-27)",NA,1986,143586890000
"Europe (excl. EU-27)",NA,1987,147572880000
"Europe (excl. EU-27)",NA,1988,151640200000
"Europe (excl. EU-27)",NA,1989,155635270000
"Europe (excl. EU-27)",NA,1990,159803050000
"Europe (excl. EU-27)",NA,1991,163736580000
"Europe (excl. EU-27)",NA,1992,167157240000
"Europe (excl. EU-27)",NA,1993,170357030000
"Europe (excl. EU-27)",NA,1994,173215630000
"Europe (excl. EU-27)",NA,1995,176005100000
"Europe (excl. EU-27)",NA,1996,178757630000
"Europe (excl. EU-27)",NA,1997,181371190000
"Europe (excl. EU-27)",NA,1998,183968350000
"Europe (excl. EU-27)",NA,1999,186537250000
"Europe (excl. EU-27)",NA,2000,189093600000
"Europe (excl. EU-27)",NA,2001,191719960000
"Europe (excl. EU-27)",NA,2002,194312630000
"Europe (excl. EU-27)",NA,2003,196966730000
"Europe (excl. EU-27)",NA,2004,199642190000
"Europe (excl. EU-27)",NA,2005,202327410000
"Europe (excl. EU-27)",NA,2006,205101830000
"Europe (excl. EU-27)",NA,2007,207867890000
"Europe (excl. EU-27)",NA,2008,210643470000
"Europe (excl. EU-27)",NA,2009,213200320000
"Europe (excl. EU-27)",NA,2010,215886410000
"Europe (excl. EU-27)",NA,2011,218598060000
"Europe (excl. EU-27)",NA,2012,221332260000
"Europe (excl. EU-27)",NA,2013,223991020000
"Europe (excl. EU-27)",NA,2014,226555560000
"Europe (excl. EU-27)",NA,2015,229068770000
"Europe (excl. EU-27)",NA,2016,231567950000
"Europe (excl. EU-27)",NA,2017,234075340000
"Europe (excl. EU-27)",NA,2018,236629980000
"Europe (excl. EU-27)",NA,2019,239150190000
"Europe (excl. EU-27)",NA,2020,241539350000
"Europe (excl. EU-27)",NA,2021,244052560000
"North America (excl. USA)",NA,1750,0
"North America (excl. USA)",NA,1751,0
"North America (excl. USA)",NA,1752,0
"North America (excl. USA)",NA,1753,0
"North America (excl. USA)",NA,1754,0
"North America (excl. USA)",NA,1755,0
"North America (excl. USA)",NA,1756,0
"North America (excl. USA)",NA,1757,0
"North America (excl. USA)",NA,1758,0
"North America (excl. USA)",NA,1759,0
"North America (excl. USA)",NA,1760,0
"North America (excl. USA)",NA,1761,0
"North America (excl. USA)",NA,1762,0
"North America (excl. USA)",NA,1763,0
"North America (excl. USA)",NA,1764,0
"North America (excl. USA)",NA,1765,0
"North America (excl. USA)",NA,1766,0
"North America (excl. USA)",NA,1767,0
"North America (excl. USA)",NA,1768,0
"North America (excl. USA)",NA,1769,0
"North America (excl. USA)",NA,1770,0
"North America (excl. USA)",NA,1771,0
"North America (excl. USA)",NA,1772,0
"North America (excl. USA)",NA,1773,0
"North America (excl. USA)",NA,1774,0
"North America (excl. USA)",NA,1775,0
"North America (excl. USA)",NA,1776,0
"North America (excl. USA)",NA,1777,0
"North America (excl. USA)",NA,1778,0
"North America (excl. USA)",NA,1779,0
"North America (excl. USA)",NA,1780,0
"North America (excl. USA)",NA,1781,0
"North America (excl. USA)",NA,1782,0
"North America (excl. USA)",NA,1783,0
"North America (excl. USA)",NA,1784,0
"North America (excl. USA)",NA,1785,3664
"North America (excl. USA)",NA,1786,7328
"North America (excl. USA)",NA,1787,10992
"North America (excl. USA)",NA,1788,14656
"North America (excl. USA)",NA,1789,18320
"North America (excl. USA)",NA,1790,21984
"North America (excl. USA)",NA,1791,25648
"North America (excl. USA)",NA,1792,29312
"North America (excl. USA)",NA,1793,32976
"North America (excl. USA)",NA,1794,36640
"North America (excl. USA)",NA,1795,40304
"North America (excl. USA)",NA,1796,43968
"North America (excl. USA)",NA,1797,47632
"North America (excl. USA)",NA,1798,51296
"North America (excl. USA)",NA,1799,54960
"North America (excl. USA)",NA,1800,58624
"North America (excl. USA)",NA,1801,62288
"North America (excl. USA)",NA,1802,65952
"North America (excl. USA)",NA,1803,69616
"North America (excl. USA)",NA,1804,73280
"North America (excl. USA)",NA,1805,76944
"North America (excl. USA)",NA,1806,80608
"North America (excl. USA)",NA,1807,84272
"North America (excl. USA)",NA,1808,87936
"North America (excl. USA)",NA,1809,91600
"North America (excl. USA)",NA,1810,95264
"North America (excl. USA)",NA,1811,98928
"North America (excl. USA)",NA,1812,102592
"North America (excl. USA)",NA,1813,106256
"North America (excl. USA)",NA,1814,109920
"North America (excl. USA)",NA,1815,113584
"North America (excl. USA)",NA,1816,117248
"North America (excl. USA)",NA,1817,120912
"North America (excl. USA)",NA,1818,124576
"North America (excl. USA)",NA,1819,128240
"North America (excl. USA)",NA,1820,131904
"North America (excl. USA)",NA,1821,135568
"North America (excl. USA)",NA,1822,139232
"North America (excl. USA)",NA,1823,142896
"North America (excl. USA)",NA,1824,146560
"North America (excl. USA)",NA,1825,150224
"North America (excl. USA)",NA,1826,153888
"North America (excl. USA)",NA,1827,157552
"North America (excl. USA)",NA,1828,161216
"North America (excl. USA)",NA,1829,164880
"North America (excl. USA)",NA,1830,168544
"North America (excl. USA)",NA,1831,172208
"North America (excl. USA)",NA,1832,175872
"North America (excl. USA)",NA,1833,179536
"North America (excl. USA)",NA,1834,183200
"North America (excl. USA)",NA,1835,186864
"North America (excl. USA)",NA,1836,190528
"North America (excl. USA)",NA,1837,194192
"North America (excl. USA)",NA,1838,197856
"North America (excl. USA)",NA,1839,201520
"North America (excl. USA)",NA,1840,205184
"North America (excl. USA)",NA,1841,208848
"North America (excl. USA)",NA,1842,212512
"North America (excl. USA)",NA,1843,216176
"North America (excl. USA)",NA,1844,219840
"North America (excl. USA)",NA,1845,223504
"North America (excl. USA)",NA,1846,249152
"North America (excl. USA)",NA,1847,282128
"North America (excl. USA)",NA,1848,322432
"North America (excl. USA)",NA,1849,370064
"North America (excl. USA)",NA,1850,428688
"North America (excl. USA)",NA,1851,498304
"North America (excl. USA)",NA,1852,582576
"North America (excl. USA)",NA,1853,685168
"North America (excl. USA)",NA,1854,809744
"North America (excl. USA)",NA,1855,959968
"North America (excl. USA)",NA,1856,1139504
"North America (excl. USA)",NA,1857,1355680
"North America (excl. USA)",NA,1858,1619488
"North America (excl. USA)",NA,1859,1934592
"North America (excl. USA)",NA,1860,2315648
"North America (excl. USA)",NA,1861,2773648
"North America (excl. USA)",NA,1862,3334240
"North America (excl. USA)",NA,1863,4037728
"North America (excl. USA)",NA,1864,4880448
"North America (excl. USA)",NA,1865,5899040
"North America (excl. USA)",NA,1866,7141136
"North America (excl. USA)",NA,1867,8734976
"North America (excl. USA)",NA,1868,9680288
"North America (excl. USA)",NA,1869,10365456
"North America (excl. USA)",NA,1870,11589232
"North America (excl. USA)",NA,1871,13369936
"North America (excl. USA)",NA,1872,15216592
"North America (excl. USA)",NA,1873,16825088
"North America (excl. USA)",NA,1874,18448240
"North America (excl. USA)",NA,1875,20324208
"North America (excl. USA)",NA,1876,22181856
"North America (excl. USA)",NA,1877,24204384
"North America (excl. USA)",NA,1878,26138976
"North America (excl. USA)",NA,1879,28322720
"North America (excl. USA)",NA,1880,33554910
"North America (excl. USA)",NA,1881,39146176
"North America (excl. USA)",NA,1882,45763360
"North America (excl. USA)",NA,1883,53193950
"North America (excl. USA)",NA,1884,61793360
"North America (excl. USA)",NA,1885,70037360
"North America (excl. USA)",NA,1886,78834620
"North America (excl. USA)",NA,1887,88983900
"North America (excl. USA)",NA,1888,102295220
"North America (excl. USA)",NA,1889,113587660
"North America (excl. USA)",NA,1890,126001300
"North America (excl. USA)",NA,1891,140463100
"North America (excl. USA)",NA,1892,154932240
"North America (excl. USA)",NA,1893,170317380
"North America (excl. USA)",NA,1894,185035660
"North America (excl. USA)",NA,1895,199061460
"North America (excl. USA)",NA,1896,214289040
"North America (excl. USA)",NA,1897,229776770
"North America (excl. USA)",NA,1898,246220800
"North America (excl. USA)",NA,1899,266145630
"North America (excl. USA)",NA,1900,287774200
"North America (excl. USA)",NA,1901,312931260
"North America (excl. USA)",NA,1902,340004540
"North America (excl. USA)",NA,1903,369521730
"North America (excl. USA)",NA,1904,404337060
"North America (excl. USA)",NA,1905,441431400
"North America (excl. USA)",NA,1906,480738780
"North America (excl. USA)",NA,1907,529993920
"North America (excl. USA)",NA,1908,581172700
"North America (excl. USA)",NA,1909,630277600
"North America (excl. USA)",NA,1910,686120640
"North America (excl. USA)",NA,1911,754915900
"North America (excl. USA)",NA,1912,831017200
"North America (excl. USA)",NA,1913,922265500
"North America (excl. USA)",NA,1914,1001078100
"North America (excl. USA)",NA,1915,1076842200
"North America (excl. USA)",NA,1916,1170897200
"North America (excl. USA)",NA,1917,1282799400
"North America (excl. USA)",NA,1918,1403729700
"North America (excl. USA)",NA,1919,1521552900
"North America (excl. USA)",NA,1920,1683245300
"North America (excl. USA)",NA,1921,1855017200
"North America (excl. USA)",NA,1922,2010759200
"North America (excl. USA)",NA,1923,2176987600
"North America (excl. USA)",NA,1924,2323899400
"North America (excl. USA)",NA,1925,2458177500
"North America (excl. USA)",NA,1926,2590178000
"North America (excl. USA)",NA,1927,2716713700
"North America (excl. USA)",NA,1928,2839291100
"North America (excl. USA)",NA,1929,2965920000
"North America (excl. USA)",NA,1930,3086711300
"North America (excl. USA)",NA,1931,3184393000
"North America (excl. USA)",NA,1932,3276011300
"North America (excl. USA)",NA,1933,3368402200
"North America (excl. USA)",NA,1934,3474307300
"North America (excl. USA)",NA,1935,3582216400
"North America (excl. USA)",NA,1936,3698905300
"North America (excl. USA)",NA,1937,3827835600
"North America (excl. USA)",NA,1938,3949558300
"North America (excl. USA)",NA,1939,4080018700
"North America (excl. USA)",NA,1940,4225281300
"North America (excl. USA)",NA,1941,4381251600
"North America (excl. USA)",NA,1942,4543981000
"North America (excl. USA)",NA,1943,4714568000
"North America (excl. USA)",NA,1944,4889849300
"North America (excl. USA)",NA,1945,5058641400
"North America (excl. USA)",NA,1946,5238858000
"North America (excl. USA)",NA,1947,5429705700
"North America (excl. USA)",NA,1948,5637473300
"North America (excl. USA)",NA,1949,5825467400
"North America (excl. USA)",NA,1950,6028760000
"North America (excl. USA)",NA,1951,6250833400
"North America (excl. USA)",NA,1952,6467929000
"North America (excl. USA)",NA,1953,6687019500
"North America (excl. USA)",NA,1954,6915910000
"North America (excl. USA)",NA,1955,7153788000
"North America (excl. USA)",NA,1956,7417999000
"North America (excl. USA)",NA,1957,7685648400
"North America (excl. USA)",NA,1958,7961390600
"North America (excl. USA)",NA,1959,8244537300
"North America (excl. USA)",NA,1960,8536511500
"North America (excl. USA)",NA,1961,8834165000
"North America (excl. USA)",NA,1962,9149824000
"North America (excl. USA)",NA,1963,9465821000
"North America (excl. USA)",NA,1964,9822742000
"North America (excl. USA)",NA,1965,10194840000
"North America (excl. USA)",NA,1966,10579908000
"North America (excl. USA)",NA,1967,11001616000
"North America (excl. USA)",NA,1968,11450282000
"North America (excl. USA)",NA,1969,11917037000
"North America (excl. USA)",NA,1970,12439984000
"North America (excl. USA)",NA,1971,12990812000
"North America (excl. USA)",NA,1972,13580131000
"North America (excl. USA)",NA,1973,14192431000
"North America (excl. USA)",NA,1974,14822897000
"North America (excl. USA)",NA,1975,15472826000
"North America (excl. USA)",NA,1976,16159824000
"North America (excl. USA)",NA,1977,16861454000
"North America (excl. USA)",NA,1978,17597303000
"North America (excl. USA)",NA,1979,18381304000
"North America (excl. USA)",NA,1980,19194046000
"North America (excl. USA)",NA,1981,20003394000
"North America (excl. USA)",NA,1982,20819943000
"North America (excl. USA)",NA,1983,21594294000
"North America (excl. USA)",NA,1984,22394216000
"North America (excl. USA)",NA,1985,23207014000
"North America (excl. USA)",NA,1986,23993936000
"North America (excl. USA)",NA,1987,24824957000
"North America (excl. USA)",NA,1988,25680775000
"North America (excl. USA)",NA,1989,26566949000
"North America (excl. USA)",NA,1990,27438383000
"North America (excl. USA)",NA,1991,28313596000
"North America (excl. USA)",NA,1992,29203771000
"North America (excl. USA)",NA,1993,30100816000
"North America (excl. USA)",NA,1994,31030862000
"North America (excl. USA)",NA,1995,31960590000
"North America (excl. USA)",NA,1996,32926956000
"North America (excl. USA)",NA,1997,33936273000
"North America (excl. USA)",NA,1998,34971984000
"North America (excl. USA)",NA,1999,36029620000
"North America (excl. USA)",NA,2000,37127148000
"North America (excl. USA)",NA,2001,38236774000
"North America (excl. USA)",NA,2002,39357665000
"North America (excl. USA)",NA,2003,40528794000
"North America (excl. USA)",NA,2004,41696480000
"North America (excl. USA)",NA,2005,42891104000
"North America (excl. USA)",NA,2006,44101812000
"North America (excl. USA)",NA,2007,45345853000
"North America (excl. USA)",NA,2008,46587425000
"North America (excl. USA)",NA,2009,47777520000
"North America (excl. USA)",NA,2010,48975462000
"North America (excl. USA)",NA,2011,50204283000
"North America (excl. USA)",NA,2012,51450823000
"North America (excl. USA)",NA,2013,52696450000
"North America (excl. USA)",NA,2014,53930656000
"North America (excl. USA)",NA,2015,55171440000
"North America (excl. USA)",NA,2016,56392913000
"North America (excl. USA)",NA,2017,57607737000
"North America (excl. USA)",NA,2018,58845643000
"North America (excl. USA)",NA,2019,60087350000
"North America (excl. USA)",NA,2020,61177280000
"North America (excl. USA)",NA,2021,62307840000
"India","IND",1750,0
"India","IND",1751,0
"India","IND",1752,0
"India","IND",1753,0
"India","IND",1754,0
"India","IND",1755,0
"India","IND",1756,0
"India","IND",1757,0
"India","IND",1758,0
"India","IND",1759,0
"India","IND",1760,0
"India","IND",1761,0
"India","IND",1762,0
"India","IND",1763,0
"India","IND",1764,0
"India","IND",1765,0
"India","IND",1766,0
"India","IND",1767,0
"India","IND",1768,0
"India","IND",1769,0
"India","IND",1770,0
"India","IND",1771,0
"India","IND",1772,0
"India","IND",1773,0
"India","IND",1774,0
"India","IND",1775,0
"India","IND",1776,0
"India","IND",1777,0
"India","IND",1778,0
"India","IND",1779,0
"India","IND",1780,0
"India","IND",1781,0
"India","IND",1782,0
"India","IND",1783,0
"India","IND",1784,0
"India","IND",1785,0
"India","IND",1786,0
"India","IND",1787,0
"India","IND",1788,0
"India","IND",1789,0
"India","IND",1790,0
"India","IND",1791,0
"India","IND",1792,0
"India","IND",1793,0
"India","IND",1794,0
"India","IND",1795,0
"India","IND",1796,0
"India","IND",1797,0
"India","IND",1798,0
"India","IND",1799,0
"India","IND",1800,0
"India","IND",1801,0
"India","IND",1802,0
"India","IND",1803,0
"India","IND",1804,0
"India","IND",1805,0
"India","IND",1806,0
"India","IND",1807,0
"India","IND",1808,0
"India","IND",1809,0
"India","IND",1810,0
"India","IND",1811,0
"India","IND",1812,0
"India","IND",1813,0
"India","IND",1814,0
"India","IND",1815,0
"India","IND",1816,0
"India","IND",1817,0
"India","IND",1818,0
"India","IND",1819,0
"India","IND",1820,0
"India","IND",1821,0
"India","IND",1822,0
"India","IND",1823,0
"India","IND",1824,0
"India","IND",1825,0
"India","IND",1826,0
"India","IND",1827,0
"India","IND",1828,0
"India","IND",1829,0
"India","IND",1830,0
"India","IND",1831,0
"India","IND",1832,0
"India","IND",1833,0
"India","IND",1834,0
"India","IND",1835,0
"India","IND",1836,0
"India","IND",1837,0
"India","IND",1838,0
"India","IND",1839,0
"India","IND",1840,0
"India","IND",1841,0
"India","IND",1842,0
"India","IND",1843,0
"India","IND",1844,0
"India","IND",1845,0
"India","IND",1846,0
"India","IND",1847,0
"India","IND",1848,0
"India","IND",1849,0
"India","IND",1850,0
"India","IND",1851,0
"India","IND",1852,0
"India","IND",1853,0
"India","IND",1854,0
"India","IND",1855,0
"India","IND",1856,0
"India","IND",1857,0
"India","IND",1858,394488
"India","IND",1859,1030974
"India","IND",1860,1674090
"India","IND",1861,2171344
"India","IND",1862,2721639
"India","IND",1863,3331604
"India","IND",1864,3908419
"India","IND",1865,4475289
"India","IND",1866,5115090
"India","IND",1867,0
"India","IND",1868,0
"India","IND",1869,0
"India","IND",1870,0
"India","IND",1871,0
"India","IND",1872,0
"India","IND",1873,0
"India","IND",1874,0
"India","IND",1875,0
"India","IND",1876,0
"India","IND",1877,0
"India","IND",1878,6882001
"India","IND",1879,8566385
"India","IND",1880,10453161
"India","IND",1881,12292496
"India","IND",1882,14488791
"India","IND",1883,16929700
"India","IND",1884,19659716
"India","IND",1885,22119120
"India","IND",1886,24891184
"India","IND",1887,27957202
"India","IND",1888,31366758
"India","IND",1889,35388590
"India","IND",1890,39820264
"India","IND",1891,44592690
"India","IND",1892,49839984
"India","IND",1893,55383180
"India","IND",1894,60999890
"India","IND",1895,68034600
"India","IND",1896,75642640
"India","IND",1897,83896020
"India","IND",1898,93021220
"India","IND",1899,103075704
"India","IND",1900,115005280
"India","IND",1901,128184980
"India","IND",1902,142700420
"India","IND",1903,157502540
"India","IND",1904,174063580
"India","IND",1905,190994320
"India","IND",1906,210543760
"India","IND",1907,232316180
"India","IND",1908,257224450
"India","IND",1909,281367140
"India","IND",1910,304854460
"India","IND",1911,329636960
"India","IND",1912,358158430
"India","IND",1913,389625200
"India","IND",1914,421323400
"India","IND",1915,454465180
"India","IND",1916,487982720
"India","IND",1917,523002530
"India","IND",1918,562361860
"India","IND",1919,605336700
"India","IND",1920,640204740
"India","IND",1921,677710300
"India","IND",1922,714613700
"India","IND",1923,752585600
"India","IND",1924,793213630
"India","IND",1925,833298600
"India","IND",1926,873241200
"India","IND",1927,915125060
"India","IND",1928,955198100
"India","IND",1929,996906000
"India","IND",1930,1039305600
"India","IND",1931,1078156700
"India","IND",1932,1114286200
"India","IND",1933,1149753600
"India","IND",1934,1189364600
"India","IND",1935,1230757900
"India","IND",1936,1271442400
"India","IND",1937,1316509700
"India","IND",1938,1366889500
"India","IND",1939,1416201700
"India","IND",1940,1468511400
"India","IND",1941,1522092500
"India","IND",1942,1575622100
"India","IND",1943,1622266600
"India","IND",1944,1669962600
"India","IND",1945,1722836700
"India","IND",1946,1775061900
"India","IND",1947,1828242200
"India","IND",1948,1881446300
"India","IND",1949,1937634300
"India","IND",1950,1998736900
"India","IND",1951,2062759000
"India","IND",1952,2130185300
"India","IND",1953,2198890200
"India","IND",1954,2271304000
"India","IND",1955,2350091800
"India","IND",1956,2431748000
"India","IND",1957,2523383600
"India","IND",1958,2619199500
"India","IND",1959,2720647000
"India","IND",1960,2831972000
"India","IND",1961,2952376600
"India","IND",1962,3084958200
"India","IND",1963,3227402500
"India","IND",1964,3366890800
"India","IND",1965,3520593000
"India","IND",1966,3679966500
"India","IND",1967,3839522600
"India","IND",1968,4013592000
"India","IND",1969,4191005400
"India","IND",1970,4372728300
"India","IND",1971,4564692000
"India","IND",1972,4767728000
"India","IND",1973,4976824000
"India","IND",1974,5192677000
"India","IND",1975,5426886000
"India","IND",1976,5671636000
"India","IND",1977,5930598000
"India","IND",1978,6193747500
"India","IND",1979,6470032400
"India","IND",1980,6761744000
"India","IND",1981,7076710400
"India","IND",1982,7402090500
"India","IND",1983,7754289700
"India","IND",1984,8115849700
"India","IND",1985,8513442300
"India","IND",1986,8939751000
"India","IND",1987,9395096000
"India","IND",1988,9886788000
"India","IND",1989,10427439000
"India","IND",1990,11005436000
"India","IND",1991,11620802000
"India","IND",1992,12276249000
"India","IND",1993,12953549000
"India","IND",1994,13669817000
"India","IND",1995,14431267000
"India","IND",1996,15256467000
"India","IND",1997,16115403000
"India","IND",1998,16992354000
"India","IND",1999,17943306000
"India","IND",2000,18921409000
"India","IND",2001,19913140000
"India","IND",2002,20935315000
"India","IND",2003,21994041000
"India","IND",2004,23118560000
"India","IND",2005,24303485000
"India","IND",2006,25562128000
"India","IND",2007,26919082000
"India","IND",2008,28380600000
"India","IND",2009,29992016000
"India","IND",2010,31668510000
"India","IND",2011,33446984000
"India","IND",2012,35409580000
"India","IND",2013,37446996000
"India","IND",2014,39634338000
"India","IND",2015,41905103000
"India","IND",2016,44288918000
"India","IND",2017,46723790000
"India","IND",2018,49324233000
"India","IND",2019,51950694000
"India","IND",2020,54395703000
"India","IND",2021,57105388000
"Africa",NA,1750,0
"Africa",NA,1751,0
"Africa",NA,1752,0
"Africa",NA,1753,0
"Africa",NA,1754,0
"Africa",NA,1755,0
"Africa",NA,1756,0
"Africa",NA,1757,0
"Africa",NA,1758,0
"Africa",NA,1759,0
"Africa",NA,1760,0
"Africa",NA,1761,0
"Africa",NA,1762,0
"Africa",NA,1763,0
"Africa",NA,1764,0
"Africa",NA,1765,0
"Africa",NA,1766,0
"Africa",NA,1767,0
"Africa",NA,1768,0
"Africa",NA,1769,0
"Africa",NA,1770,0
"Africa",NA,1771,0
"Africa",NA,1772,0
"Africa",NA,1773,0
"Africa",NA,1774,0
"Africa",NA,1775,0
"Africa",NA,1776,0
"Africa",NA,1777,0
"Africa",NA,1778,0
"Africa",NA,1779,0
"Africa",NA,1780,0
"Africa",NA,1781,0
"Africa",NA,1782,0
"Africa",NA,1783,0
"Africa",NA,1784,0
"Africa",NA,1785,0
"Africa",NA,1786,0
"Africa",NA,1787,0
"Africa",NA,1788,0
"Africa",NA,1789,0
"Africa",NA,1790,0
"Africa",NA,1791,0
"Africa",NA,1792,0
"Africa",NA,1793,0
"Africa",NA,1794,0
"Africa",NA,1795,0
"Africa",NA,1796,0
"Africa",NA,1797,0
"Africa",NA,1798,0
"Africa",NA,1799,0
"Africa",NA,1800,0
"Africa",NA,1801,0
"Africa",NA,1802,0
"Africa",NA,1803,0
"Africa",NA,1804,0
"Africa",NA,1805,0
"Africa",NA,1806,0
"Africa",NA,1807,0
"Africa",NA,1808,0
"Africa",NA,1809,0
"Africa",NA,1810,0
"Africa",NA,1811,0
"Africa",NA,1812,0
"Africa",NA,1813,0
"Africa",NA,1814,0
"Africa",NA,1815,0
"Africa",NA,1816,0
"Africa",NA,1817,0
"Africa",NA,1818,0
"Africa",NA,1819,0
"Africa",NA,1820,0
"Africa",NA,1821,0
"Africa",NA,1822,0
"Africa",NA,1823,0
"Africa",NA,1824,0
"Africa",NA,1825,0
"Africa",NA,1826,0
"Africa",NA,1827,0
"Africa",NA,1828,0
"Africa",NA,1829,0
"Africa",NA,1830,0
"Africa",NA,1831,0
"Africa",NA,1832,0
"Africa",NA,1833,0
"Africa",NA,1834,0
"Africa",NA,1835,0
"Africa",NA,1836,0
"Africa",NA,1837,0
"Africa",NA,1838,0
"Africa",NA,1839,0
"Africa",NA,1840,0
"Africa",NA,1841,0
"Africa",NA,1842,0
"Africa",NA,1843,0
"Africa",NA,1844,0
"Africa",NA,1845,0
"Africa",NA,1846,0
"Africa",NA,1847,0
"Africa",NA,1848,0
"Africa",NA,1849,0
"Africa",NA,1850,0
"Africa",NA,1851,0
"Africa",NA,1852,0
"Africa",NA,1853,0
"Africa",NA,1854,0
"Africa",NA,1855,0
"Africa",NA,1856,0
"Africa",NA,1857,0
"Africa",NA,1858,0
"Africa",NA,1859,0
"Africa",NA,1860,0
"Africa",NA,1861,0
"Africa",NA,1862,0
"Africa",NA,1863,0
"Africa",NA,1864,0
"Africa",NA,1865,0
"Africa",NA,1866,0
"Africa",NA,1867,0
"Africa",NA,1868,0
"Africa",NA,1869,0
"Africa",NA,1870,0
"Africa",NA,1871,0
"Africa",NA,1872,0
"Africa",NA,1873,0
"Africa",NA,1874,0
"Africa",NA,1875,0
"Africa",NA,1876,0
"Africa",NA,1877,0
"Africa",NA,1878,0
"Africa",NA,1879,0
"Africa",NA,1880,0
"Africa",NA,1881,0
"Africa",NA,1882,0
"Africa",NA,1883,0
"Africa",NA,1884,21984
"Africa",NA,1885,58624
"Africa",NA,1886,106256
"Africa",NA,1887,153888
"Africa",NA,1888,234496
"Africa",NA,1889,366400
"Africa",NA,1890,663184
"Africa",NA,1891,959968
"Africa",NA,1892,1439952
"Africa",NA,1893,3238976
"Africa",NA,1894,5671872
"Africa",NA,1895,9009776
"Africa",NA,1896,13267344
"Africa",NA,1897,18045200
"Africa",NA,1898,24094464
"Africa",NA,1899,29612448
"Africa",NA,1900,31942752
"Africa",NA,1901,35852240
"Africa",NA,1902,41678000
"Africa",NA,1903,49573920
"Africa",NA,1904,58484770
"Africa",NA,1905,68747630
"Africa",NA,1906,80465100
"Africa",NA,1907,93395360
"Africa",NA,1908,106798270
"Africa",NA,1909,122183410
"Africa",NA,1910,139594740
"Africa",NA,1911,156460130
"Africa",NA,1912,174413730
"Africa",NA,1913,194019790
"Africa",NA,1914,213570900
"Africa",NA,1915,233176960
"Africa",NA,1916,256432370
"Africa",NA,1917,281776260
"Africa",NA,1918,306500930
"Africa",NA,1919,331943740
"Africa",NA,1920,359995330
"Africa",NA,1921,387980960
"Africa",NA,1922,411950850
"Africa",NA,1923,440995400
"Africa",NA,1924,471626430
"Africa",NA,1925,503811000
"Africa",NA,1926,538248960
"Africa",NA,1927,572089600
"Africa",NA,1928,606859970
"Africa",NA,1929,642661570
"Africa",NA,1930,676357250
"Africa",NA,1931,705820900
"Africa",NA,1932,732443700
"Africa",NA,1933,760934850
"Africa",NA,1934,793474100
"Africa",NA,1935,829383700
"Africa",NA,1936,868399600
"Africa",NA,1937,910243900
"Africa",NA,1938,954257000
"Africa",NA,1939,1001109950
"Africa",NA,1940,1050759200
"Africa",NA,1941,1104782600
"Africa",NA,1942,1163605500
"Africa",NA,1943,1223725000
"Africa",NA,1944,1290358000
"Africa",NA,1945,1357885200
"Africa",NA,1946,1426044500
"Africa",NA,1947,1493979400
"Africa",NA,1948,1565712500
"Africa",NA,1949,1643036000
"Africa",NA,1950,1736488200
"Africa",NA,1951,1836350200
"Africa",NA,1952,1945232600
"Africa",NA,1953,2056028700
"Africa",NA,1954,2172185600
"Africa",NA,1955,2300244000
"Africa",NA,1956,2433753300
"Africa",NA,1957,2573706500
"Africa",NA,1958,2722011000
"Africa",NA,1959,2869921800
"Africa",NA,1960,3026562300
"Africa",NA,1961,3188640800
"Africa",NA,1962,3355067400
"Africa",NA,1963,3531516000
"Africa",NA,1964,3725279700
"Africa",NA,1965,3939064300
"Africa",NA,1966,4160326000
"Africa",NA,1967,4397583400
"Africa",NA,1968,4655184000
"Africa",NA,1969,4933323300
"Africa",NA,1970,5236266000
"Africa",NA,1971,5568470000
"Africa",NA,1972,5920708600
"Africa",NA,1973,6299130000
"Africa",NA,1974,6687994400
"Africa",NA,1975,7075823600
"Africa",NA,1976,7496680400
"Africa",NA,1977,7930524700
"Africa",NA,1978,8393791500
"Africa",NA,1979,8893783000
"Africa",NA,1980,9430273000
"Africa",NA,1981,9979639000
"Africa",NA,1982,10552216000
"Africa",NA,1983,11147629000
"Africa",NA,1984,11797883000
"Africa",NA,1985,12464539000
"Africa",NA,1986,13155209000
"Africa",NA,1987,13845972000
"Africa",NA,1988,14571979000
"Africa",NA,1989,15271158000
"Africa",NA,1990,15930455000
"Africa",NA,1991,16619409000
"Africa",NA,1992,17288016000
"Africa",NA,1993,17996757000
"Africa",NA,1994,18716221000
"Africa",NA,1995,19488104000
"Africa",NA,1996,20271436000
"Africa",NA,1997,21084041000
"Africa",NA,1998,21921886000
"Africa",NA,1999,22752297000
"Africa",NA,2000,23638700000
"Africa",NA,2001,24522700000
"Africa",NA,2002,25415258000
"Africa",NA,2003,26382428000
"Africa",NA,2004,27419066000
"Africa",NA,2005,28476426000
"Africa",NA,2006,29566573000
"Africa",NA,2007,30698858000
"Africa",NA,2008,31880034000
"Africa",NA,2009,33051814000
"Africa",NA,2010,34266563000
"Africa",NA,2011,35517870000
"Africa",NA,2012,36777406000
"Africa",NA,2013,38046300000
"Africa",NA,2014,39396390000
"Africa",NA,2015,40720146000
"Africa",NA,2016,42083607000
"Africa",NA,2017,43463094000
"Africa",NA,2018,44829508000
"Africa",NA,2019,46296998000
"Africa",NA,2020,47682888000
"Africa",NA,2021,49133683000
"South America",NA,1750,0
"South America",NA,1751,0
"South America",NA,1752,0
"South America",NA,1753,0
"South America",NA,1754,0
"South America",NA,1755,0
"South America",NA,1756,0
"South America",NA,1757,0
"South America",NA,1758,0
"South America",NA,1759,0
"South America",NA,1760,0
"South America",NA,1761,0
"South America",NA,1762,0
"South America",NA,1763,0
"South America",NA,1764,0
"South America",NA,1765,0
"South America",NA,1766,0
"South America",NA,1767,0
"South America",NA,1768,0
"South America",NA,1769,0
"South America",NA,1770,0
"South America",NA,1771,0
"South America",NA,1772,0
"South America",NA,1773,0
"South America",NA,1774,0
"South America",NA,1775,0
"South America",NA,1776,0
"South America",NA,1777,0
"South America",NA,1778,0
"South America",NA,1779,0
"South America",NA,1780,0
"South America",NA,1781,0
"South America",NA,1782,0
"South America",NA,1783,0
"South America",NA,1784,0
"South America",NA,1785,0
"South America",NA,1786,0
"South America",NA,1787,0
"South America",NA,1788,0
"South America",NA,1789,0
"South America",NA,1790,0
"South America",NA,1791,0
"South America",NA,1792,0
"South America",NA,1793,0
"South America",NA,1794,0
"South America",NA,1795,0
"South America",NA,1796,0
"South America",NA,1797,0
"South America",NA,1798,0
"South America",NA,1799,0
"South America",NA,1800,0
"South America",NA,1801,0
"South America",NA,1802,0
"South America",NA,1803,0
"South America",NA,1804,0
"South America",NA,1805,0
"South America",NA,1806,0
"South America",NA,1807,0
"South America",NA,1808,0
"South America",NA,1809,0
"South America",NA,1810,0
"South America",NA,1811,0
"South America",NA,1812,0
"South America",NA,1813,0
"South America",NA,1814,0
"South America",NA,1815,0
"South America",NA,1816,0
"South America",NA,1817,0
"South America",NA,1818,0
"South America",NA,1819,0
"South America",NA,1820,0
"South America",NA,1821,0
"South America",NA,1822,0
"South America",NA,1823,0
"South America",NA,1824,0
"South America",NA,1825,0
"South America",NA,1826,0
"South America",NA,1827,0
"South America",NA,1828,0
"South America",NA,1829,0
"South America",NA,1830,0
"South America",NA,1831,0
"South America",NA,1832,0
"South America",NA,1833,0
"South America",NA,1834,0
"South America",NA,1835,0
"South America",NA,1836,0
"South America",NA,1837,0
"South America",NA,1838,0
"South America",NA,1839,0
"South America",NA,1840,0
"South America",NA,1841,0
"South America",NA,1842,0
"South America",NA,1843,0
"South America",NA,1844,0
"South America",NA,1845,0
"South America",NA,1846,0
"South America",NA,1847,0
"South America",NA,1848,0
"South America",NA,1849,0
"South America",NA,1850,0
"South America",NA,1851,0
"South America",NA,1852,0
"South America",NA,1853,0
"South America",NA,1854,0
"South America",NA,1855,0
"South America",NA,1856,0
"South America",NA,1857,0
"South America",NA,1858,0
"South America",NA,1859,0
"South America",NA,1860,0
"South America",NA,1861,0
"South America",NA,1862,0
"South America",NA,1863,0
"South America",NA,1864,0
"South America",NA,1865,0
"South America",NA,1866,0
"South America",NA,1867,0
"South America",NA,1868,0
"South America",NA,1869,0
"South America",NA,1870,0
"South America",NA,1871,0
"South America",NA,1872,0
"South America",NA,1873,0
"South America",NA,1874,0
"South America",NA,1875,0
"South America",NA,1876,0
"South America",NA,1877,0
"South America",NA,1878,0
"South America",NA,1879,0
"South America",NA,1880,0
"South America",NA,1881,0
"South America",NA,1882,0
"South America",NA,1883,0
"South America",NA,1884,3664
"South America",NA,1885,7328
"South America",NA,1886,14656
"South America",NA,1887,1106528
"South America",NA,1888,2004208
"South America",NA,1889,3766592
"South America",NA,1890,5147920
"South America",NA,1891,6133536
"South America",NA,1892,7584480
"South America",NA,1893,9185648
"South America",NA,1894,11219168
"South America",NA,1895,14047776
"South America",NA,1896,16927680
"South America",NA,1897,19686672
"South America",NA,1898,22863360
"South America",NA,1899,26578656
"South America",NA,1900,29744352
"South America",NA,1901,36145360
"South America",NA,1902,43524656
"South America",NA,1903,51200736
"South America",NA,1904,59866096
"South America",NA,1905,69077390
"South America",NA,1906,81406750
"South America",NA,1907,94091520
"South America",NA,1908,108978350
"South America",NA,1909,122384930
"South America",NA,1910,139631380
"South America",NA,1911,158794100
"South America",NA,1912,178784880
"South America",NA,1913,199907840
"South America",NA,1914,217102990
"South America",NA,1915,232191340
"South America",NA,1916,245810430
"South America",NA,1917,256677860
"South America",NA,1918,267677180
"South America",NA,1919,280578100
"South America",NA,1920,295219460
"South America",NA,1921,309648320
"South America",NA,1922,326810500
"South America",NA,1923,346570430
"South America",NA,1924,370903040
"South America",NA,1925,397287520
"South America",NA,1926,424668600
"South America",NA,1927,454750000
"South America",NA,1928,486177860
"South America",NA,1929,520602180
"South America",NA,1930,549724700
"South America",NA,1931,575270400
"South America",NA,1932,604230600
"South America",NA,1933,637129100
"South America",NA,1934,674386560
"South America",NA,1935,715467970
"South America",NA,1936,755064450
"South America",NA,1937,805226200
"South America",NA,1938,851499000
"South America",NA,1939,898559360
"South America",NA,1940,949276100
"South America",NA,1941,1000028700
"South America",NA,1942,1048194800
"South America",NA,1943,1096764300
"South America",NA,1944,1150630700
"South America",NA,1945,1204767900
"South America",NA,1946,1323543900
"South America",NA,1947,1385651000
"South America",NA,1948,1455155100
"South America",NA,1949,1525979600
"South America",NA,1950,1638556800
"South America",NA,1951,1769844000
"South America",NA,1952,1911318400
"South America",NA,1953,2051961300
"South America",NA,1954,2203017500
"South America",NA,1955,2373098000
"South America",NA,1956,2557280300
"South America",NA,1957,2750198300
"South America",NA,1958,2928953000
"South America",NA,1959,3125949200
"South America",NA,1960,3325111800
"South America",NA,1961,3526877400
"South America",NA,1962,3742502400
"South America",NA,1963,3961865500
"South America",NA,1964,4191982000
"South America",NA,1965,4432036400
"South America",NA,1966,4683972600
"South America",NA,1967,4951250400
"South America",NA,1968,5238783500
"South America",NA,1969,5549914600
"South America",NA,1970,5887602000
"South America",NA,1971,6233981400
"South America",NA,1972,6596334600
"South America",NA,1973,6988759000
"South America",NA,1974,7404990500
"South America",NA,1975,7816316000
"South America",NA,1976,8235405000
"South America",NA,1977,8669986000
"South America",NA,1978,9131780000
"South America",NA,1979,9625982000
"South America",NA,1980,10133985000
"South America",NA,1981,10623313000
"South America",NA,1982,11113852000
"South America",NA,1983,11599517000
"South America",NA,1984,12090837000
"South America",NA,1985,12592477000
"South America",NA,1986,13121968000
"South America",NA,1987,13678993000
"South America",NA,1988,14259022000
"South America",NA,1989,14838521000
"South America",NA,1990,15438425000
"South America",NA,1991,16045963000
"South America",NA,1992,16665418000
"South America",NA,1993,17319588000
"South America",NA,1994,17991248000
"South America",NA,1995,18693044000
"South America",NA,1996,19421157000
"South America",NA,1997,20189590000
"South America",NA,1998,21010606000
"South America",NA,1999,21849920000
"South America",NA,2000,22671145000
"South America",NA,2001,23503274000
"South America",NA,2002,24350320000
"South America",NA,2003,25208523000
"South America",NA,2004,26076121000
"South America",NA,2005,26978116000
"South America",NA,2006,27891059000
"South America",NA,2007,28831840000
"South America",NA,2008,29839390000
"South America",NA,2009,30831374000
"South America",NA,2010,31913840000
"South America",NA,2011,33018153000
"South America",NA,2012,34162651000
"South America",NA,2013,35372646000
"South America",NA,2014,36601840000
"South America",NA,2015,37795664000
"South America",NA,2016,38948454000
"South America",NA,2017,40073564000
"South America",NA,2018,41138176000
"South America",NA,2019,42211353000
"South America",NA,2020,43192540000
"South America",NA,2021,44267540000
"Oceania",NA,1750,0
"Oceania",NA,1751,0
"Oceania",NA,1752,0
"Oceania",NA,1753,0
"Oceania",NA,1754,0
"Oceania",NA,1755,0
"Oceania",NA,1756,0
"Oceania",NA,1757,0
"Oceania",NA,1758,0
"Oceania",NA,1759,0
"Oceania",NA,1760,0
"Oceania",NA,1761,0
"Oceania",NA,1762,0
"Oceania",NA,1763,0
"Oceania",NA,1764,0
"Oceania",NA,1765,0
"Oceania",NA,1766,0
"Oceania",NA,1767,0
"Oceania",NA,1768,0
"Oceania",NA,1769,0
"Oceania",NA,1770,0
"Oceania",NA,1771,0
"Oceania",NA,1772,0
"Oceania",NA,1773,0
"Oceania",NA,1774,0
"Oceania",NA,1775,0
"Oceania",NA,1776,0
"Oceania",NA,1777,0
"Oceania",NA,1778,0
"Oceania",NA,1779,0
"Oceania",NA,1780,0
"Oceania",NA,1781,0
"Oceania",NA,1782,0
"Oceania",NA,1783,0
"Oceania",NA,1784,0
"Oceania",NA,1785,0
"Oceania",NA,1786,0
"Oceania",NA,1787,0
"Oceania",NA,1788,0
"Oceania",NA,1789,0
"Oceania",NA,1790,0
"Oceania",NA,1791,0
"Oceania",NA,1792,0
"Oceania",NA,1793,0
"Oceania",NA,1794,0
"Oceania",NA,1795,0
"Oceania",NA,1796,0
"Oceania",NA,1797,0
"Oceania",NA,1798,0
"Oceania",NA,1799,0
"Oceania",NA,1800,0
"Oceania",NA,1801,0
"Oceania",NA,1802,0
"Oceania",NA,1803,0
"Oceania",NA,1804,0
"Oceania",NA,1805,0
"Oceania",NA,1806,0
"Oceania",NA,1807,0
"Oceania",NA,1808,0
"Oceania",NA,1809,0
"Oceania",NA,1810,0
"Oceania",NA,1811,0
"Oceania",NA,1812,0
"Oceania",NA,1813,0
"Oceania",NA,1814,0
"Oceania",NA,1815,0
"Oceania",NA,1816,0
"Oceania",NA,1817,0
"Oceania",NA,1818,0
"Oceania",NA,1819,0
"Oceania",NA,1820,0
"Oceania",NA,1821,0
"Oceania",NA,1822,0
"Oceania",NA,1823,0
"Oceania",NA,1824,0
"Oceania",NA,1825,0
"Oceania",NA,1826,0
"Oceania",NA,1827,0
"Oceania",NA,1828,0
"Oceania",NA,1829,0
"Oceania",NA,1830,0
"Oceania",NA,1831,0
"Oceania",NA,1832,0
"Oceania",NA,1833,0
"Oceania",NA,1834,0
"Oceania",NA,1835,0
"Oceania",NA,1836,0
"Oceania",NA,1837,0
"Oceania",NA,1838,0
"Oceania",NA,1839,0
"Oceania",NA,1840,0
"Oceania",NA,1841,0
"Oceania",NA,1842,0
"Oceania",NA,1843,0
"Oceania",NA,1844,0
"Oceania",NA,1845,0
"Oceania",NA,1846,0
"Oceania",NA,1847,0
"Oceania",NA,1848,0
"Oceania",NA,1849,0
"Oceania",NA,1850,0
"Oceania",NA,1851,0
"Oceania",NA,1852,0
"Oceania",NA,1853,0
"Oceania",NA,1854,0
"Oceania",NA,1855,0
"Oceania",NA,1856,0
"Oceania",NA,1857,0
"Oceania",NA,1858,0
"Oceania",NA,1859,0
"Oceania",NA,1860,278464
"Oceania",NA,1861,787760
"Oceania",NA,1862,1143168
"Oceania",NA,1863,1542544
"Oceania",NA,1864,1810016
"Oceania",NA,1865,2231376
"Oceania",NA,1866,2927536
"Oceania",NA,1867,3821552
"Oceania",NA,1868,4554352
"Oceania",NA,1869,5195552
"Oceania",NA,1870,5796448
"Oceania",NA,1871,6488944
"Oceania",NA,1872,7196096
"Oceania",NA,1873,8064464
"Oceania",NA,1874,8954816
"Oceania",NA,1875,9782880
"Oceania",NA,1876,10713536
"Oceania",NA,1877,11779760
"Oceania",NA,1878,13102464
"Oceania",NA,1879,15062704
"Oceania",NA,1880,17924288
"Oceania",NA,1881,20426800
"Oceania",NA,1882,23266400
"Oceania",NA,1883,26618960
"Oceania",NA,1884,30249984
"Oceania",NA,1885,34284050
"Oceania",NA,1886,38351090
"Oceania",NA,1887,42623310
"Oceania",NA,1888,47514750
"Oceania",NA,1889,52252304
"Oceania",NA,1890,57220690
"Oceania",NA,1891,62720350
"Oceania",NA,1892,68373900
"Oceania",NA,1893,73880900
"Oceania",NA,1894,79849550
"Oceania",NA,1895,86063700
"Oceania",NA,1896,92336460
"Oceania",NA,1897,99188140
"Oceania",NA,1898,106823920
"Oceania",NA,1899,114785790
"Oceania",NA,1900,127393620
"Oceania",NA,1901,141573300
"Oceania",NA,1902,156009460
"Oceania",NA,1903,170397980
"Oceania",NA,1904,185376420
"Oceania",NA,1905,200963070
"Oceania",NA,1906,219184140
"Oceania",NA,1907,238746240
"Oceania",NA,1908,259653020
"Oceania",NA,1909,278471330
"Oceania",NA,1910,300810750
"Oceania",NA,1911,324659700
"Oceania",NA,1912,350307700
"Oceania",NA,1913,376912000
"Oceania",NA,1914,406473150
"Oceania",NA,1915,433198400
"Oceania",NA,1916,457509020
"Oceania",NA,1917,482885900
"Oceania",NA,1918,510369540
"Oceania",NA,1919,536237380
"Oceania",NA,1920,565527400
"Oceania",NA,1921,592179300
"Oceania",NA,1922,620084350
"Oceania",NA,1923,648769800
"Oceania",NA,1924,679829570
"Oceania",NA,1925,712153340
"Oceania",NA,1926,744279300
"Oceania",NA,1927,777669400
"Oceania",NA,1928,808670200
"Oceania",NA,1929,837216400
"Oceania",NA,1930,864110140
"Oceania",NA,1931,887894600
"Oceania",NA,1932,911775000
"Oceania",NA,1933,936900700
"Oceania",NA,1934,963580200
"Oceania",NA,1935,992959040
"Oceania",NA,1936,1024184060
"Oceania",NA,1937,1057420200
"Oceania",NA,1938,1089701400
"Oceania",NA,1939,1126304600
"Oceania",NA,1940,1160101400
"Oceania",NA,1941,1199646800
"Oceania",NA,1942,1241244700
"Oceania",NA,1943,1281604900
"Oceania",NA,1944,1321283200
"Oceania",NA,1945,1359597600
"Oceania",NA,1946,1400549900
"Oceania",NA,1947,1444015000
"Oceania",NA,1948,1487937500
"Oceania",NA,1949,1531193100
"Oceania",NA,1950,1594907400
"Oceania",NA,1951,1662594200
"Oceania",NA,1952,1732848500
"Oceania",NA,1953,1801515300
"Oceania",NA,1954,1879216000
"Oceania",NA,1955,1960367600
"Oceania",NA,1956,2044643700
"Oceania",NA,1957,2130941400
"Oceania",NA,1958,2219887400
"Oceania",NA,1959,2314940700
"Oceania",NA,1960,2415914200
"Oceania",NA,1961,2519591200
"Oceania",NA,1962,2626800000
"Oceania",NA,1963,2741288200
"Oceania",NA,1964,2865336800
"Oceania",NA,1965,3002062000
"Oceania",NA,1966,3138824400
"Oceania",NA,1967,3284299300
"Oceania",NA,1968,3435460400
"Oceania",NA,1969,3594889500
"Oceania",NA,1970,3760722200
"Oceania",NA,1971,3932877800
"Oceania",NA,1972,4110634800
"Oceania",NA,1973,4304938000
"Oceania",NA,1974,4501676500
"Oceania",NA,1975,4701108700
"Oceania",NA,1976,4899586000
"Oceania",NA,1977,5112849000
"Oceania",NA,1978,5337465000
"Oceania",NA,1979,5563972600
"Oceania",NA,1980,5807522300
"Oceania",NA,1981,6059637000
"Oceania",NA,1982,6316821500
"Oceania",NA,1983,6564565000
"Oceania",NA,1984,6825190400
"Oceania",NA,1985,7093505500
"Oceania",NA,1986,7361552000
"Oceania",NA,1987,7647151600
"Oceania",NA,1988,7939071500
"Oceania",NA,1989,8247662000
"Oceania",NA,1990,8557136400
"Oceania",NA,1991,8868731000
"Oceania",NA,1992,9187361000
"Oceania",NA,1993,9510238000
"Oceania",NA,1994,9838241000
"Oceania",NA,1995,10177690000
"Oceania",NA,1996,10525652000
"Oceania",NA,1997,10884039000
"Oceania",NA,1998,11255077000
"Oceania",NA,1999,11637017000
"Oceania",NA,2000,12026411000
"Oceania",NA,2001,12425932000
"Oceania",NA,2002,12830673000
"Oceania",NA,2003,13245874000
"Oceania",NA,2004,13674843000
"Oceania",NA,2005,14108726000
"Oceania",NA,2006,14548696000
"Oceania",NA,2007,14997031000
"Oceania",NA,2008,15449367000
"Oceania",NA,2009,15902020000
"Oceania",NA,2010,16353577000
"Oceania",NA,2011,16803793000
"Oceania",NA,2012,17257892000
"Oceania",NA,2013,17703720000
"Oceania",NA,2014,18148140000
"Oceania",NA,2015,18600557000
"Oceania",NA,2016,19061662000
"Oceania",NA,2017,19527246000
"Oceania",NA,2018,19995920000
"Oceania",NA,2019,20466278000
"Oceania",NA,2020,20918465000
"Oceania",NA,2021,21361656000
